party,task,min,max,mean,median,MAD,compute,vCPU_estimate
als_c,process_logs,0.063,0.112,0.0755298013245033,0.074,0.0020000000000000018,8e-05,1
als_s,log,18.277,18.639,18.458,18.458,0.18099999999999916,0.019000999999999997,12
als_s,process_logs,0.194,0.4,0.29325,0.2895,0.05299999999999999,0.0004485,1
ev,evaluate,4.297,67.834,5.206025968875123,4.941,0.20699999999999985,0.005561999999999999,4
ms,publish,4.009,33.339,4.9032015592650975,4.655,0.1949999999999994,0.005239999999999998,4
ms,retrieve,3.987,31.166,4.91597972439532,4.665,0.19399999999999995,0.005247,4
