{
    "root_group": {
        "id": "d41d8cd98f00b204e9800998ecf8427e",
        "groups": {},
        "checks": {},
        "name": "",
        "path": ""
    },
    "metrics": {
        "vus": {
            "value": 283,
            "min": 283,
            "max": 1000
        },
        "http_req_blocked": {
            "p(90)": 0.007154,
            "p(95)": 0.007943,
            "avg": 0.029550201924528632,
            "min": 0.002312,
            "med": 0.005728,
            "max": 37.706396
        },
        "cidgen_res_size": {
            "avg": 273.9275090654982,
            "min": 264,
            "med": 268,
            "max": 418,
            "p(90)": 268,
            "p(95)": 268
        },
        "vus_max": {
            "min": 1000,
            "max": 1000,
            "value": 1000
        },
        "iteration_duration": {
            "avg": 1418.1059295126715,
            "min": 30.819232,
            "med": 1398.6727025,
            "max": 47301.010963,
            "p(90)": 1861.7189158,
            "p(95)": 1964.38399345
        },
        "http_req_sending": {
            "avg": 0.026388352355140705,
            "min": 0.008504,
            "med": 0.022673,
            "max": 16.304338,
            "p(90)": 0.031331,
            "p(95)": 0.035873
        },
        "http_req_waiting": {
            "avg": 918.0496928243831,
            "min": 11.025391,
            "med": 907.0721445,
            "max": 46834.995686,
            "p(90)": 1142.684616,
            "p(95)": 1197.75962735
        },
        "cidgen_req_size": {
            "avg": 871,
            "min": 871,
            "med": 871,
            "max": 871,
            "p(90)": 871,
            "p(95)": 871
        },
        "http_req_receiving": {
            "max": 19.019247,
            "p(90)": 0.053033,
            "p(95)": 0.06175284999999998,
            "avg": 0.03592407496269902,
            "min": 0.014476,
            "med": 0.027752
        },
        "iterations": {
            "count": 423584,
            "rate": 704.0225283039279
        },
        "http_req_connecting": {
            "min": 0,
            "med": 0,
            "max": 27.570222,
            "p(90)": 0,
            "p(95)": 0,
            "avg": 0.020907296184464012
        },
        "http_req_tls_handshaking": {
            "avg": 0,
            "min": 0,
            "med": 0,
            "max": 0,
            "p(90)": 0,
            "p(95)": 0
        },
        "http_req_failed": {
            "passes": 0,
            "fails": 423584,
            "value": 0
        },
        "http_req_duration": {
            "med": 907.13721,
            "max": 46835.097658,
            "p(90)": 1142.7484729,
            "p(95)": 1197.81291775,
            "avg": 918.1120052516491,
            "min": 11.571294
        },
        "http_reqs": {
            "count": 423584,
            "rate": 704.0225283039279
        },
        "data_received": {
            "count": 171520814,
            "rate": 285078.0887121037
        },
        "http_req_duration{expected_response:true}": {
            "min": 11.571294,
            "med": 907.13721,
            "max": 46835.097658,
            "p(90)": 1142.7484729,
            "p(95)": 1197.81291775,
            "avg": 918.1120052516491
        },
        "data_sent": {
            "count": 422736832,
            "rate": 702614.4832473199
        }
    }
}