{
    "root_group": {
        "id": "d41d8cd98f00b204e9800998ecf8427e",
        "groups": {},
        "checks": {},
        "name": "",
        "path": ""
    },
    "metrics": {
        "http_req_blocked": {
            "med": 0.004508,
            "max": 84.668838,
            "p(90)": 0.006689,
            "p(95)": 0.007462,
            "avg": 0.053243194981114274,
            "min": 0.00232
        },
        "iteration_duration": {
            "avg": 1347.3409585773863,
            "min": 162.316441,
            "med": 1325.825116,
            "max": 60104.899265,
            "p(90)": 1425.519267,
            "p(95)": 1459.6890978
        },
        "data_received": {
            "count": 249765488,
            "rate": 415679.73420062364
        },
        "http_req_sending": {
            "p(95)": 0.7401697999999989,
            "avg": 0.1152967514031707,
            "min": 0.007369,
            "med": 0.014736,
            "max": 51.599125,
            "p(90)": 0.3403878000000003
        },
        "http_req_waiting": {
            "med": 1173.666716,
            "max": 60001.120923,
            "p(90)": 1273.301142,
            "p(95)": 1308.1326041999998,
            "avg": 1195.5014270965703,
            "min": 11.610686
        },
        "data_sent": {
            "rate": 949567.0303516365,
            "count": 570557218
        },
        "pub_res_size": {
            "avg": 127.99193178857332,
            "min": 124,
            "med": 128,
            "max": 128,
            "p(90)": 128,
            "p(95)": 128
        },
        "iterations": {
            "count": 445597,
            "rate": 741.5982248139715
        },
        "vus_max": {
            "min": 1000,
            "max": 1000,
            "value": 1000
        },
        "pub_req_size": {
            "med": 1435,
            "max": 1435,
            "p(90)": 1435,
            "p(95)": 1435,
            "avg": 1434.1973557163324,
            "min": 1423
        },
        "http_req_connecting": {
            "avg": 0.04310688674070961,
            "min": 0,
            "med": 0,
            "max": 83.002186,
            "p(90)": 0,
            "p(95)": 0
        },
        "http_req_failed": {
            "passes": 107267,
            "fails": 338330,
            "value": 0.24072648604007657
        },
        "ret_req_size": {
            "max": 865,
            "p(90)": 865,
            "p(95)": 865,
            "avg": 865,
            "min": 865,
            "med": 865
        },
        "vus": {
            "value": 1000,
            "min": 1000,
            "max": 1000
        },
        "http_req_duration{expected_response:true}": {
            "min": 12.129745,
            "med": 1174.148911,
            "max": 59951.236521,
            "p(90)": 1273.5273463,
            "p(95)": 1308.0604878000001,
            "avg": 1180.692600981297
        },
        "http_req_tls_handshaking": {
            "avg": 0,
            "min": 0,
            "med": 0,
            "max": 0,
            "p(90)": 0,
            "p(95)": 0
        },
        "http_req_receiving": {
            "avg": 0.034650310590061996,
            "min": 0,
            "med": 0.027178,
            "max": 17.306435,
            "p(90)": 0.053126,
            "p(95)": 0.06260519999999994
        },
        "ret_res_size": {
            "avg": 737.1304113719577,
            "min": 126,
            "med": 1296,
            "max": 1300,
            "p(90)": 1300,
            "p(95)": 1300
        },
        "http_reqs": {
            "count": 445597,
            "rate": 741.5982248139715
        },
        "http_req_duration": {
            "med": 1173.823089,
            "max": 60001.193335,
            "p(90)": 1273.5417464,
            "p(95)": 1308.2909197999998,
            "avg": 1195.6513741585752,
            "min": 11.677077
        }
    }
}