{
    "metrics": {
        "data_sent": {
            "rate": 198246.38835883565,
            "count": 12172898
        },
        "vus_max": {
            "value": 150,
            "min": 150,
            "max": 150
        },
        "iterations": {
            "count": 6262,
            "rate": 101.98219716480241
        },
        "http_req_sending": {
            "avg": 0.05380875630788865,
            "min": 0.007978,
            "med": 0.023048,
            "max": 150.691485,
            "p(90)": 0.0526457,
            "p(95)": 0.06322874999999992
        },
        "http_req_duration": {
            "avg": 212.60698738150728,
            "min": 13.460183,
            "med": 176.402163,
            "max": 2048.019335,
            "p(90)": 420.615563,
            "p(95)": 604.84158825
        },
        "http_req_blocked": {
            "p(95)": 85.53778199999999,
            "avg": 12.654140637975106,
            "min": 0.002505,
            "med": 0.005632,
            "max": 96.335871,
            "p(90)": 82.07020010000001
        },
        "iteration_duration": {
            "avg": 1451.732332992655,
            "min": 1105.647924,
            "med": 1381.5431899999999,
            "max": 3168.120004,
            "p(90)": 1730.1774504,
            "p(95)": 2008.1958918999999
        },
        "vus": {
            "value": 37,
            "min": 37,
            "max": 150
        },
        "http_reqs": {
            "count": 12524,
            "rate": 203.96439432960483
        },
        "http_req_duration{expected_response:true}": {
            "p(95)": 604.84396275,
            "avg": 212.63786659966436,
            "min": 13.460183,
            "med": 176.5350825,
            "max": 2048.019335,
            "p(90)": 420.619289
        },
        "http_req_failed": {
            "passes": 2,
            "fails": 12522,
            "value": 0.00015969338869370808
        },
        "http_req_receiving": {
            "min": 0,
            "med": 0.044556,
            "max": 0.946813,
            "p(90)": 0.061477800000000006,
            "p(95)": 0.0688051,
            "avg": 0.04727443524433071
        },
        "http_req_waiting": {
            "p(90)": 420.53245250000003,
            "p(95)": 604.75113695,
            "avg": 212.505904189956,
            "min": 13.392169,
            "med": 176.259908,
            "max": 2047.911198
        },
        "data_received": {
            "count": 3848129,
            "rate": 62670.177322515796
        },
        "http_req_connecting": {
            "avg": 12.615413366097117,
            "min": 0,
            "med": 0,
            "max": 96.26221,
            "p(90)": 82.00945779999999,
            "p(95)": 85.46987895000001
        },
        "http_req_tls_handshaking": {
            "p(90)": 0,
            "p(95)": 0,
            "avg": 0,
            "min": 0,
            "med": 0,
            "max": 0
        }
    },
    "root_group": {
        "groups": {},
        "checks": {},
        "name": "",
        "path": "",
        "id": "d41d8cd98f00b204e9800998ecf8427e"
    }
}