{
    "metrics": {
        "http_req_sending": {
            "max": 68.754134,
            "p(90)": 0.055359000000000005,
            "p(95)": 0.06642,
            "avg": 0.04332079527991209,
            "min": 0.008643,
            "med": 0.022419
        },
        "http_reqs": {
            "count": 5466,
            "rate": 89.09065619278425
        },
        "http_req_receiving": {
            "max": 0.346936,
            "p(90)": 0.0654775,
            "p(95)": 0.07234975,
            "avg": 0.04988142608854732,
            "min": 0.012205,
            "med": 0.0479285
        },
        "http_req_duration": {
            "med": 158.65166499999998,
            "max": 1629.530269,
            "p(90)": 264.57910849999996,
            "p(95)": 290.61197725,
            "avg": 153.55305251061125,
            "min": 13.432546
        },
        "http_req_blocked": {
            "med": 0.005404,
            "max": 1129.06374,
            "p(90)": 39.1560195,
            "p(95)": 85.40114375,
            "avg": 12.067189190084198,
            "min": 0.002713
        },
        "data_sent": {
            "count": 5312092,
            "rate": 86582.10062869369
        },
        "data_received": {
            "count": 1679493,
            "rate": 27374.155404534908
        },
        "http_req_connecting": {
            "min": 0,
            "med": 0,
            "max": 1128.994367,
            "p(90)": 39.1048725,
            "p(95)": 85.34074575,
            "avg": 12.037553715879971
        },
        "vus": {
            "value": 15,
            "min": 15,
            "max": 60
        },
        "http_req_waiting": {
            "p(95)": 290.5285505,
            "avg": 153.45985028924244,
            "min": 13.39476,
            "med": 158.572329,
            "max": 1629.424266,
            "p(90)": 264.48863
        },
        "vus_max": {
            "value": 60,
            "min": 60,
            "max": 60
        },
        "iteration_duration": {
            "avg": 1332.5190223893185,
            "min": 1176.65727,
            "med": 1288.808824,
            "max": 2882.652545,
            "p(90)": 1432.603918,
            "p(95)": 1543.3785236
        },
        "iterations": {
            "count": 2733,
            "rate": 44.545328096392126
        },
        "http_req_failed": {
            "passes": 0,
            "fails": 5466,
            "value": 0
        },
        "http_req_tls_handshaking": {
            "p(90)": 0,
            "p(95)": 0,
            "avg": 0,
            "min": 0,
            "med": 0,
            "max": 0
        },
        "http_req_duration{expected_response:true}": {
            "avg": 153.55305251061125,
            "min": 13.432546,
            "med": 158.65166499999998,
            "max": 1629.530269,
            "p(90)": 264.57910849999996,
            "p(95)": 290.61197725
        }
    },
    "root_group": {
        "checks": {},
        "name": "",
        "path": "",
        "id": "d41d8cd98f00b204e9800998ecf8427e",
        "groups": {}
    }
}