{
    "metrics": {
        "http_req_blocked": {
            "min": 0.002424,
            "med": 0.007088,
            "max": 1049.483066,
            "p(90)": 84.9210061,
            "p(95)": 85.9411611,
            "avg": 21.828239411804454
        },
        "data_sent": {
            "count": 15791146,
            "rate": 254257.88072015462
        },
        "iteration_duration": {
            "min": 1100.514064,
            "med": 2575.3111369999997,
            "max": 4763.373688,
            "p(90)": 3271.6527625,
            "p(95)": 3542.6388447999993,
            "avg": 2641.5117698637264
        },
        "http_req_duration": {
            "min": 13.250595,
            "med": 807.9819315,
            "max": 3304.95213,
            "p(90)": 1752.6224168,
            "p(95)": 2012.6609293,
            "avg": 798.314544699037
        },
        "vus": {
            "value": 23,
            "min": 23,
            "max": 350
        },
        "http_req_receiving": {
            "avg": 0.049060040989660526,
            "min": 0,
            "med": 0.0463245,
            "max": 1.72177,
            "p(90)": 0.0637651,
            "p(95)": 0.071117
        },
        "http_req_connecting": {
            "max": 1049.420407,
            "p(90)": 84.8314289,
            "p(95)": 85.87131225,
            "avg": 21.76781582847138,
            "min": 0,
            "med": 0
        },
        "http_req_waiting": {
            "avg": 798.2038948849063,
            "min": 13.142143,
            "med": 807.877748,
            "max": 3304.835414,
            "p(90)": 1752.5573553,
            "p(95)": 2012.5837519499999
        },
        "http_req_tls_handshaking": {
            "p(90)": 0,
            "p(95)": 0,
            "avg": 0,
            "min": 0,
            "med": 0,
            "max": 0
        },
        "http_req_duration{expected_response:true}": {
            "p(90)": 1752.6427992,
            "p(95)": 2012.7156896999995,
            "avg": 798.500160284533,
            "min": 13.250595,
            "med": 808.412249,
            "max": 3304.95213
        },
        "data_received": {
            "count": 4992019,
            "rate": 80377.96442732817
        },
        "vus_max": {
            "value": 350,
            "min": 350,
            "max": 350
        },
        "http_req_sending": {
            "p(95)": 0.07101425,
            "avg": 0.061589773141309846,
            "min": 0.008326,
            "med": 0.027963000000000002,
            "max": 169.088851,
            "p(90)": 0.06021440000000001
        },
        "http_reqs": {
            "rate": 261.6138211844202,
            "count": 16248
        },
        "iterations": {
            "count": 8124,
            "rate": 130.8069105922101
        },
        "http_req_failed": {
            "passes": 4,
            "fails": 16244,
            "value": 0.0002461841457410143
        }
    },
    "root_group": {
        "name": "",
        "path": "",
        "id": "d41d8cd98f00b204e9800998ecf8427e",
        "groups": {},
        "checks": {}
    }
}