{
    "root_group": {
        "path": "",
        "id": "d41d8cd98f00b204e9800998ecf8427e",
        "groups": {},
        "checks": {},
        "name": ""
    },
    "metrics": {
        "http_req_connecting": {
            "p(95)": 86.1985565,
            "avg": 37.10933334330698,
            "min": 0,
            "med": 32.9457935,
            "max": 1142.758639,
            "p(90)": 85.82349450000001
        },
        "http_req_failed": {
            "passes": 4,
            "fails": 16640,
            "value": 0.0002403268445085316
        },
        "iteration_duration": {
            "avg": 7132.028099841485,
            "min": 1039.800153,
            "med": 6761.4070225,
            "max": 17070.701499,
            "p(90)": 9353.839536000001,
            "p(95)": 11018.312602999998
        },
        "http_req_duration": {
            "med": 3490.6391235,
            "max": 11794.110871,
            "p(90)": 6212.0713277,
            "p(95)": 6736.353056799997,
            "avg": 3028.23713295614,
            "min": 9.824196
        },
        "http_req_receiving": {
            "avg": 0.047831991888968965,
            "min": 0,
            "med": 0.0456725,
            "max": 1.142088,
            "p(90)": 0.0629564,
            "p(95)": 0.0698744
        },
        "data_received": {
            "count": 5113720,
            "rate": 79352.84139563826
        },
        "vus": {
            "value": 156,
            "min": 156,
            "max": 950
        },
        "vus_max": {
            "value": 950,
            "min": 950,
            "max": 950
        },
        "http_req_sending": {
            "p(95)": 0.07644864999999995,
            "avg": 0.0512976396899784,
            "min": 0.008828,
            "med": 0.040077,
            "max": 96.624883,
            "p(90)": 0.0646582
        },
        "http_req_tls_handshaking": {
            "max": 0,
            "p(90)": 0,
            "p(95)": 0,
            "avg": 0,
            "min": 0,
            "med": 0
        },
        "http_req_blocked": {
            "p(95)": 86.2623112,
            "avg": 37.16549793871658,
            "min": 0.002669,
            "med": 33.0057245,
            "max": 1142.810072,
            "p(90)": 85.8842849
        },
        "data_sent": {
            "count": 16174751,
            "rate": 250993.88521799026
        },
        "http_reqs": {
            "count": 16644,
            "rate": 258.2755200106778
        },
        "iterations": {
            "count": 8322,
            "rate": 129.1377600053389
        },
        "http_req_waiting": {
            "avg": 3028.1380033245496,
            "min": 9.742354,
            "med": 3490.5128905,
            "max": 11794.016087,
            "p(90)": 6211.969250900001,
            "p(95)": 6736.252278849997
        },
        "http_req_duration{expected_response:true}": {
            "avg": 3028.951990522296,
            "min": 9.824196,
            "med": 3490.9991995,
            "max": 11794.110871,
            "p(90)": 6212.1221559000005,
            "p(95)": 6736.63981945
        }
    }
}