{
    "root_group": {
        "name": "",
        "path": "",
        "id": "d41d8cd98f00b204e9800998ecf8427e",
        "groups": {},
        "checks": {}
    },
    "metrics": {
        "vus_max": {
            "value": 650,
            "min": 650,
            "max": 650
        },
        "data_sent": {
            "count": 17004841,
            "rate": 268125.66687123117
        },
        "http_req_waiting": {
            "avg": 1762.7109899204293,
            "min": 10.044776,
            "med": 2005.315678,
            "max": 6080.699468,
            "p(90)": 3630.4196671000004,
            "p(95)": 4132.690430349999
        },
        "http_reqs": {
            "count": 17494,
            "rate": 275.8385342294772
        },
        "http_req_failed": {
            "passes": 1,
            "fails": 17493,
            "value": 0.00005716245569909683
        },
        "http_req_blocked": {
            "min": 0.002435,
            "med": 8.2558765,
            "max": 1118.912835,
            "p(90)": 85.7296079,
            "p(95)": 86.1085236,
            "avg": 29.93533922161886
        },
        "http_req_receiving": {
            "avg": 0.048790228821310073,
            "min": 0,
            "med": 0.046554,
            "max": 2.095293,
            "p(90)": 0.06318420000000001,
            "p(95)": 0.07044664999999997
        },
        "http_req_tls_handshaking": {
            "max": 0,
            "p(90)": 0,
            "p(95)": 0,
            "avg": 0,
            "min": 0,
            "med": 0
        },
        "http_req_duration{expected_response:true}": {
            "max": 6080.797237,
            "p(90)": 3630.609755600001,
            "p(95)": 4132.819447999998,
            "avg": 1762.9281538143914,
            "min": 10.100188,
            "med": 2005.597236
        },
        "http_req_connecting": {
            "avg": 29.866166322796484,
            "min": 0,
            "med": 8.191911000000001,
            "max": 1118.850793,
            "p(90)": 85.66202700000001,
            "p(95)": 86.04089830000001
        },
        "iteration_duration": {
            "avg": 4587.025701592102,
            "min": 1977.614913,
            "med": 4390.814308,
            "max": 9347.450577,
            "p(90)": 5918.0648614,
            "p(95)": 6339.1990657
        },
        "vus": {
            "max": 650,
            "value": 93,
            "min": 93
        },
        "http_req_sending": {
            "p(90)": 0.06381220000000001,
            "p(95)": 0.07545299999999998,
            "avg": 0.07702678266834358,
            "min": 0.008801,
            "med": 0.0379535,
            "max": 116.719303
        },
        "http_req_duration": {
            "p(90)": 3630.5136934000006,
            "p(95)": 4132.79108975,
            "avg": 1762.8368069319279,
            "min": 10.100188,
            "med": 2005.411709,
            "max": 6080.797237
        },
        "data_received": {
            "count": 5375298,
            "rate": 84755.59170953701
        },
        "iterations": {
            "count": 8747,
            "rate": 137.9192671147386
        }
    }
}