{
    "root_group": {
        "id": "d41d8cd98f00b204e9800998ecf8427e",
        "groups": {},
        "checks": {},
        "name": "",
        "path": ""
    },
    "metrics": {
        "http_req_sending": {
            "avg": 0.03197018860132163,
            "min": 0.008159,
            "med": 0.02368,
            "max": 1.07765,
            "p(90)": 0.055266,
            "p(95)": 0.06711199999999999
        },
        "vus_max": {
            "value": 40,
            "min": 40,
            "max": 40
        },
        "iterations": {
            "count": 1816,
            "rate": 29.187455666756108
        },
        "http_req_failed": {
            "passes": 0,
            "fails": 3632,
            "value": 0
        },
        "http_req_duration{expected_response:true}": {
            "med": 159.01256899999998,
            "max": 1546.715724,
            "p(90)": 267.4033631,
            "p(95)": 316.73305719999985,
            "avg": 154.71125667813897,
            "min": 13.626466
        },
        "http_req_waiting": {
            "min": 13.534816,
            "med": 158.9312525,
            "max": 1546.618941,
            "p(90)": 267.320356,
            "p(95)": 316.6617421999999,
            "avg": 154.62663073953746
        },
        "iteration_duration": {
            "max": 2638.933354,
            "p(90)": 1451.3727235000001,
            "p(95)": 1600.28233725,
            "avg": 1335.623297195484,
            "min": 1173.138824,
            "med": 1294.30312
        },
        "http_req_duration": {
            "max": 1546.715724,
            "p(90)": 267.4033631,
            "p(95)": 316.73305719999985,
            "avg": 154.71125667813897,
            "min": 13.626466,
            "med": 159.01256899999998
        },
        "http_req_connecting": {
            "p(95)": 85.5039176,
            "avg": 12.415865180892085,
            "min": 0,
            "med": 0,
            "max": 1027.490121,
            "p(90)": 81.320451
        },
        "data_sent": {
            "rate": 56727.17016888895,
            "count": 3529480
        },
        "vus": {
            "value": 1,
            "min": 1,
            "max": 40
        },
        "http_reqs": {
            "count": 3632,
            "rate": 58.374911333512216
        },
        "data_received": {
            "count": 1115983,
            "rate": 17936.511198983193
        },
        "http_req_blocked": {
            "avg": 12.437066406663009,
            "min": 0.002741,
            "med": 0.0057345,
            "max": 1027.556288,
            "p(90)": 81.40109029999999,
            "p(95)": 85.56626215
        },
        "http_req_receiving": {
            "med": 0.0489555,
            "max": 2.315942,
            "p(90)": 0.0682629,
            "p(95)": 0.07784195,
            "avg": 0.05265574999999998,
            "min": 0.013661
        },
        "http_req_tls_handshaking": {
            "p(95)": 0,
            "avg": 0,
            "min": 0,
            "med": 0,
            "max": 0,
            "p(90)": 0
        }
    }
}