{
    "root_group": {
        "name": "",
        "path": "",
        "id": "d41d8cd98f00b204e9800998ecf8427e",
        "groups": {},
        "checks": {}
    },
    "metrics": {
        "http_req_duration{expected_response:true}": {
            "max": 3978.312396,
            "p(90)": 2347.9299257000002,
            "p(95)": 2708.4368984,
            "avg": 1123.267117254201,
            "min": 9.871195,
            "med": 1184.045691
        },
        "iterations": {
            "count": 8346,
            "rate": 134.19115254519062
        },
        "vus_max": {
            "value": 450,
            "min": 450,
            "max": 450
        },
        "vus": {
            "max": 450,
            "value": 40,
            "min": 40
        },
        "http_req_tls_handshaking": {
            "avg": 0,
            "min": 0,
            "med": 0,
            "max": 0,
            "p(90)": 0,
            "p(95)": 0
        },
        "http_req_blocked": {
            "med": 8.0384155,
            "max": 1102.632597,
            "p(90)": 85.51761330000001,
            "p(95)": 86.11184765,
            "avg": 24.576941382937804,
            "min": 0.002573
        },
        "http_req_failed": {
            "passes": 4,
            "fails": 16688,
            "value": 0.00023963575365444525
        },
        "iteration_duration": {
            "avg": 3296.41465110077,
            "min": 1098.115908,
            "med": 3186.552133,
            "max": 5992.731676,
            "p(90)": 4153.152538,
            "p(95)": 4430.904066499999
        },
        "http_req_waiting": {
            "avg": 1122.8936237961248,
            "min": 4.936615,
            "med": 1182.6006275,
            "max": 3978.218469,
            "p(90)": 2347.7514151,
            "p(95)": 2708.2821290499996
        },
        "data_received": {
            "rate": 82458.0353856726,
            "count": 5128466
        },
        "http_req_sending": {
            "p(90)": 0.0610768,
            "p(95)": 0.07183869999999999,
            "avg": 0.06373206488138038,
            "min": 0.008464,
            "med": 0.032882999999999996,
            "max": 152.132968
        },
        "http_req_receiving": {
            "p(90)": 0.062476,
            "p(95)": 0.06977524999999998,
            "avg": 0.0483170900431344,
            "min": 0,
            "med": 0.0459145,
            "max": 1.479951
        },
        "http_req_duration": {
            "p(95)": 2708.4173152,
            "avg": 1123.0056729510607,
            "min": 4.959986,
            "med": 1182.6759080000002,
            "max": 3978.312396,
            "p(90)": 2347.8313866
        },
        "http_reqs": {
            "count": 16692,
            "rate": 268.38230509038124
        },
        "http_req_connecting": {
            "med": 7.98016,
            "max": 1102.567626,
            "p(90)": 85.4572328,
            "p(95)": 86.0485849,
            "avg": 24.530316621255768,
            "min": 0
        },
        "data_sent": {
            "count": 16224339,
            "rate": 260863.01817563927
        }
    }
}