{
    "metrics": {
        "http_req_blocked": {
            "avg": 19.42526564949426,
            "min": 0.002397,
            "med": 0.006483,
            "max": 96.126225,
            "p(90)": 83.989528,
            "p(95)": 85.9063251
        },
        "http_req_waiting": {
            "avg": 638.6692295776882,
            "min": 8.694171,
            "med": 446.02469399999995,
            "max": 5207.119349,
            "p(90)": 1479.1202689000004,
            "p(95)": 1744.4585144499986
        },
        "data_sent": {
            "count": 15374045,
            "rate": 248504.01847157453
        },
        "vus": {
            "value": 184,
            "min": 184,
            "max": 300
        },
        "http_reqs": {
            "rate": 255.7123757749056,
            "count": 15820
        },
        "data_received": {
            "rate": 78559.3515569411,
            "count": 4860183
        },
        "http_req_duration{expected_response:true}": {
            "avg": 638.9801363881368,
            "min": 13.576498,
            "med": 447.58941300000004,
            "max": 5207.262825,
            "p(90)": 1479.5778745000005,
            "p(95)": 1745.166639849997
        },
        "iterations": {
            "count": 7910,
            "rate": 127.8561878874528
        },
        "http_req_duration": {
            "med": 446.347641,
            "max": 5207.262825,
            "p(90)": 1479.2078095000004,
            "p(95)": 1744.5393545499985,
            "avg": 638.7557017883687,
            "min": 8.719055
        },
        "http_req_connecting": {
            "avg": 19.393543639380596,
            "min": 0,
            "med": 0,
            "max": 96.064384,
            "p(90)": 83.9199815,
            "p(95)": 85.84438730000001
        },
        "vus_max": {
            "value": 300,
            "min": 300,
            "max": 300
        },
        "http_req_sending": {
            "avg": 0.03703157939317309,
            "min": 0.008913,
            "med": 0.0256465,
            "max": 34.757057,
            "p(90)": 0.057992600000000005,
            "p(95)": 0.06751854999999998
        },
        "http_req_tls_handshaking": {
            "avg": 0,
            "min": 0,
            "med": 0,
            "max": 0,
            "p(90)": 0,
            "p(95)": 0
        },
        "http_req_failed": {
            "passes": 6,
            "fails": 15814,
            "value": 0.0003792667509481669
        },
        "iteration_duration": {
            "max": 6292.2423,
            "p(90)": 2959.5687126,
            "p(95)": 3350.4665849499984,
            "avg": 2317.586483715162,
            "min": 1062.631457,
            "med": 2261.1834295
        },
        "http_req_receiving": {
            "p(90)": 0.0640833,
            "p(95)": 0.07118645,
            "avg": 0.049440631289507,
            "min": 0,
            "med": 0.046292,
            "max": 3.031345
        }
    },
    "root_group": {
        "groups": {},
        "checks": {},
        "name": "",
        "path": "",
        "id": "d41d8cd98f00b204e9800998ecf8427e"
    }
}