{
    "root_group": {
        "name": "",
        "path": "",
        "id": "d41d8cd98f00b204e9800998ecf8427e",
        "groups": {},
        "checks": {}
    },
    "metrics": {
        "vus_max": {
            "value": 800,
            "min": 800,
            "max": 800
        },
        "http_req_duration{expected_response:true}": {
            "med": 2444.2031255,
            "max": 7238.437117,
            "p(90)": 4860.9963543,
            "p(95)": 5541.831200999998,
            "avg": 2326.68366520621,
            "min": 9.880907
        },
        "data_received": {
            "count": 5359005,
            "rate": 83776.00253639094
        },
        "vus": {
            "value": 2,
            "min": 2,
            "max": 800
        },
        "http_req_waiting": {
            "avg": 2326.0026862714035,
            "min": 1.874513,
            "med": 2442.5038575,
            "max": 7238.338915,
            "p(90)": 4860.5665017,
            "p(95)": 5541.417680750003
        },
        "http_req_failed": {
            "passes": 4,
            "fails": 17438,
            "value": 0.00022933149868134388
        },
        "http_req_sending": {
            "avg": 0.10362212085769981,
            "min": 0.009224,
            "med": 0.0401225,
            "max": 138.011322,
            "p(90)": 0.064977,
            "p(95)": 0.07749960000000003
        },
        "http_reqs": {
            "rate": 272.6664812292078,
            "count": 17442
        },
        "http_req_connecting": {
            "p(90)": 85.70566579999999,
            "p(95)": 86.0600427,
            "avg": 31.891207500171767,
            "min": 0,
            "med": 8.6731455,
            "max": 1032.337393
        },
        "http_req_tls_handshaking": {
            "avg": 0,
            "min": 0,
            "med": 0,
            "max": 0,
            "p(90)": 0,
            "p(95)": 0
        },
        "data_sent": {
            "rate": 265017.45325460366,
            "count": 16952705
        },
        "http_req_duration": {
            "avg": 2326.1555802409634,
            "min": 1.897359,
            "med": 2442.5884915,
            "max": 7238.437117,
            "p(90)": 4860.9491455,
            "p(95)": 5541.5157575500025
        },
        "http_req_receiving": {
            "min": 0,
            "med": 0.0471445,
            "max": 1.044829,
            "p(90)": 0.063576,
            "p(95)": 0.0702119,
            "avg": 0.04927184869854368
        },
        "iterations": {
            "count": 8721,
            "rate": 136.3332406146039
        },
        "http_req_blocked": {
            "avg": 32.03557757430331,
            "min": 0.002627,
            "med": 8.813196000000001,
            "max": 1032.406128,
            "p(90)": 85.7804276,
            "p(95)": 86.1317842
        },
        "iteration_duration": {
            "max": 10947.838245,
            "p(90)": 7327.888001,
            "p(95)": 7907.032529,
            "avg": 5717.949381393768,
            "min": 1091.52935,
            "med": 5518.724595
        }
    }
}