{
    "root_group": {
        "checks": {},
        "name": "",
        "path": "",
        "id": "d41d8cd98f00b204e9800998ecf8427e",
        "groups": {}
    },
    "metrics": {
        "http_reqs": {
            "count": 16598,
            "rate": 266.4268458731609
        },
        "http_req_waiting": {
            "max": 5000.684578,
            "p(90)": 2827.5783469000003,
            "p(95)": 3112.1750816999997,
            "avg": 1317.6045081512946,
            "min": 9.612345,
            "med": 1309.306106
        },
        "vus": {
            "value": 65,
            "min": 65,
            "max": 500
        },
        "http_req_duration": {
            "avg": 1317.7073674023447,
            "min": 9.701793,
            "med": 1309.39643,
            "max": 5000.775573,
            "p(90)": 2827.7360295000003,
            "p(95)": 3112.2762265
        },
        "http_req_blocked": {
            "avg": 26.583455645800786,
            "min": 0.002502,
            "med": 8.1489735,
            "max": 1070.520231,
            "p(90)": 85.6041772,
            "p(95)": 86.0694733
        },
        "iteration_duration": {
            "max": 7855.536948,
            "p(90)": 4504.3566468,
            "p(95)": 4807.253806799999,
            "avg": 3689.783089805297,
            "min": 1140.541349,
            "med": 3617.872005
        },
        "http_req_connecting": {
            "min": 0,
            "med": 8.0866115,
            "max": 1070.466939,
            "p(90)": 85.538767,
            "p(95)": 86.0033318,
            "avg": 26.52751494017347
        },
        "data_received": {
            "count": 5099059,
            "rate": 81848.78938975504
        },
        "data_sent": {
            "count": 16130806,
            "rate": 258927.56741606578
        },
        "http_req_sending": {
            "p(90)": 0.06166120000000001,
            "p(95)": 0.0724003,
            "avg": 0.05472714333052153,
            "min": 0.008497,
            "med": 0.035542500000000005,
            "max": 131.794438
        },
        "iterations": {
            "count": 8299,
            "rate": 133.21342293658046
        },
        "http_req_receiving": {
            "avg": 0.048132107723822155,
            "min": 0,
            "med": 0.046004500000000004,
            "max": 1.245206,
            "p(90)": 0.06284080000000002,
            "p(95)": 0.06984415000000001
        },
        "http_req_duration{expected_response:true}": {
            "min": 9.701793,
            "med": 1312.310841,
            "max": 5000.775573,
            "p(90)": 2827.9039365,
            "p(95)": 3112.3927794999995,
            "avg": 1318.1567846378448
        },
        "vus_max": {
            "value": 500,
            "min": 500,
            "max": 500
        },
        "http_req_failed": {
            "passes": 6,
            "fails": 16592,
            "value": 0.0003614893360645861
        },
        "http_req_tls_handshaking": {
            "min": 0,
            "med": 0,
            "max": 0,
            "p(90)": 0,
            "p(95)": 0,
            "avg": 0
        }
    }
}