{
    "root_group": {
        "name": "",
        "path": "",
        "id": "d41d8cd98f00b204e9800998ecf8427e",
        "groups": {},
        "checks": {}
    },
    "metrics": {
        "http_req_connecting": {
            "max": 1134.886906,
            "p(90)": 85.7547146,
            "p(95)": 86.09891955,
            "avg": 33.71435396873539,
            "min": 0,
            "med": 9.857106
        },
        "http_req_failed": {
            "passes": 3,
            "fails": 16981,
            "value": 0.00017663683466792276
        },
        "vus": {
            "value": 152,
            "min": 152,
            "max": 850
        },
        "http_req_duration": {
            "min": 9.489637,
            "med": 3238.399431,
            "max": 9543.099552,
            "p(90)": 5395.1772036,
            "p(95)": 6211.156956899997,
            "avg": 2627.5914556370035
        },
        "iterations": {
            "count": 8492,
            "rate": 129.40856980905258
        },
        "iteration_duration": {
            "med": 6020.048521000001,
            "max": 13767.050486,
            "p(90)": 8508.3836032,
            "p(95)": 9360.49070275,
            "avg": 6324.133023979857,
            "min": 1111.067812
        },
        "http_req_sending": {
            "max": 251.859402,
            "p(90)": 0.0654025,
            "p(95)": 0.07733264999999996,
            "avg": 0.27530297627178657,
            "min": 0.008622,
            "med": 0.040503
        },
        "http_req_tls_handshaking": {
            "p(95)": 0,
            "avg": 0,
            "min": 0,
            "med": 0,
            "max": 0,
            "p(90)": 0
        },
        "http_req_blocked": {
            "p(95)": 86.16354975,
            "avg": 33.80773116427208,
            "min": 0.002635,
            "med": 10.0348225,
            "max": 1134.938504,
            "p(90)": 85.8179828
        },
        "data_sent": {
            "count": 16507774,
            "rate": 251559.9887036108
        },
        "http_req_duration{expected_response:true}": {
            "avg": 2628.0518464314155,
            "min": 9.489637,
            "med": 3241.250202,
            "max": 9543.099552,
            "p(90)": 5395.455507,
            "p(95)": 6211.533816
        },
        "http_req_receiving": {
            "med": 0.046746499999999996,
            "max": 1.044127,
            "p(90)": 0.0627664,
            "p(95)": 0.0695847,
            "avg": 0.04884690420395645,
            "min": 0
        },
        "http_req_waiting": {
            "p(90)": 5395.1149658,
            "p(95)": 6211.066512799996,
            "avg": 2627.2673057565376,
            "min": 9.431362,
            "med": 3238.305839,
            "max": 9543.033449
        },
        "http_reqs": {
            "count": 16984,
            "rate": 258.81713961810516
        },
        "data_received": {
            "rate": 79520.5603815762,
            "count": 5218268
        },
        "vus_max": {
            "value": 850,
            "min": 850,
            "max": 850
        }
    }
}