{
    "metrics": {
        "http_req_sending": {
            "p(95)": 0.06518134999999997,
            "avg": 0.052769317461440805,
            "min": 0.008763,
            "med": 0.0239275,
            "max": 150.576928,
            "p(90)": 0.055267699999999996
        },
        "vus_max": {
            "value": 200,
            "min": 200,
            "max": 200
        },
        "data_sent": {
            "count": 13736992,
            "rate": 223442.24406228823
        },
        "http_reqs": {
            "count": 14134,
            "rate": 229.89987018820293
        },
        "http_req_failed": {
            "passes": 1,
            "fails": 14133,
            "value": 0.00007075137965190322
        },
        "http_req_blocked": {
            "p(95)": 85.76807465,
            "avg": 15.374284350290162,
            "min": 0.002407,
            "med": 0.005967,
            "max": 3117.903965,
            "p(90)": 83.1053588
        },
        "vus": {
            "value": 48,
            "min": 48,
            "max": 200
        },
        "http_req_receiving": {
            "avg": 0.04848032135276622,
            "min": 0,
            "med": 0.0457855,
            "max": 0.997988,
            "p(90)": 0.0634338,
            "p(95)": 0.07111169999999999
        },
        "iterations": {
            "count": 7067,
            "rate": 114.94993509410146
        },
        "http_req_waiting": {
            "avg": 341.7987954891747,
            "min": 13.199851,
            "med": 212.01848,
            "max": 3414.444219,
            "p(90)": 847.9722452000002,
            "p(95)": 1036.08341785
        },
        "http_req_tls_handshaking": {
            "avg": 0,
            "min": 0,
            "med": 0,
            "max": 0,
            "p(90)": 0,
            "p(95)": 0
        },
        "iteration_duration": {
            "med": 1632.062485,
            "max": 4652.418028,
            "p(90)": 2192.1729142,
            "p(95)": 2417.5047725,
            "avg": 1715.778308798078,
            "min": 1189.901061
        },
        "http_req_duration": {
            "avg": 341.9000451279867,
            "min": 13.264852,
            "med": 212.3234075,
            "max": 3414.526368,
            "p(90)": 848.0676206000003,
            "p(95)": 1036.2027394
        },
        "http_req_duration{expected_response:true}": {
            "max": 3414.526368,
            "p(90)": 848.1012094000004,
            "p(95)": 1036.2041116,
            "avg": 341.92121697353457,
            "min": 13.264852,
            "med": 212.336311
        },
        "data_received": {
            "count": 4342963,
            "rate": 70641.47657649415
        },
        "http_req_connecting": {
            "p(95)": 85.70280414999999,
            "avg": 15.337958913400355,
            "min": 0,
            "med": 0,
            "max": 3117.849844,
            "p(90)": 83.0260716
        }
    },
    "root_group": {
        "name": "",
        "path": "",
        "id": "d41d8cd98f00b204e9800998ecf8427e",
        "groups": {},
        "checks": {}
    }
}