{
    "root_group": {
        "name": "",
        "path": "",
        "id": "d41d8cd98f00b204e9800998ecf8427e",
        "groups": {},
        "checks": {}
    },
    "metrics": {
        "data_received": {
            "count": 554924,
            "rate": 9044.964930365617
        },
        "iteration_duration": {
            "min": 1174.682207,
            "med": 1287.380531,
            "max": 2553.732942,
            "p(90)": 1537.6698524,
            "p(95)": 1627.1712204,
            "avg": 1344.5449186057565
        },
        "http_req_failed": {
            "fails": 1806,
            "passes": 0,
            "value": 0
        },
        "http_req_tls_handshaking": {
            "p(95)": 0,
            "avg": 0,
            "min": 0,
            "med": 0,
            "max": 0,
            "p(90)": 0
        },
        "http_req_sending": {
            "med": 0.023984,
            "max": 0.82155,
            "p(90)": 0.061659000000000005,
            "p(95)": 0.07603125,
            "avg": 0.033946938538205955,
            "min": 0.009404
        },
        "http_req_waiting": {
            "med": 163.80087600000002,
            "max": 1256.055459,
            "p(90)": 285.22160099999996,
            "p(95)": 370.229897,
            "avg": 159.4009451450721,
            "min": 13.803549
        },
        "http_req_receiving": {
            "p(90)": 0.0701695,
            "p(95)": 0.0777205,
            "avg": 0.05425875470653373,
            "min": 0.014777,
            "med": 0.053526,
            "max": 0.707003
        },
        "vus": {
            "value": 6,
            "min": 6,
            "max": 20
        },
        "iterations": {
            "count": 903,
            "rate": 14.718417895279629
        },
        "http_req_blocked": {
            "avg": 12.093126132890369,
            "min": 0.002852,
            "med": 0.0057955,
            "max": 1094.353093,
            "p(90)": 35.8991155,
            "p(95)": 84.12881775
        },
        "http_req_connecting": {
            "avg": 12.067987253599114,
            "min": 0,
            "med": 0,
            "max": 1094.287202,
            "p(90)": 35.737365499999996,
            "p(95)": 84.0367705
        },
        "data_sent": {
            "count": 1755049,
            "rate": 28606.36169290434
        },
        "http_req_duration": {
            "med": 163.87722300000001,
            "max": 1256.120278,
            "p(90)": 285.300139,
            "p(95)": 370.31117474999996,
            "avg": 159.4891508383167,
            "min": 13.904024
        },
        "vus_max": {
            "value": 20,
            "min": 20,
            "max": 20
        },
        "http_req_duration{expected_response:true}": {
            "avg": 159.4891508383167,
            "min": 13.904024,
            "med": 163.87722300000001,
            "max": 1256.120278,
            "p(90)": 285.300139,
            "p(95)": 370.31117474999996
        },
        "http_reqs": {
            "count": 1806,
            "rate": 29.436835790559257
        }
    }
}