{
    "metrics": {
        "http_req_receiving": {
            "avg": 0.04834490424337697,
            "min": 0.0128,
            "med": 0.045163,
            "max": 0.923686,
            "p(90)": 0.06295150000000001,
            "p(95)": 0.07050645
        },
        "http_req_blocked": {
            "avg": 12.570746786820742,
            "min": 0.002648,
            "med": 0.0055245,
            "max": 1092.701318,
            "p(90)": 81.2063075,
            "p(95)": 85.42956674999999
        },
        "http_req_connecting": {
            "min": 0,
            "med": 0,
            "max": 1092.646743,
            "p(90)": 81.1360562,
            "p(95)": 85.35740055,
            "avg": 12.536099332734617
        },
        "vus_max": {
            "value": 100,
            "min": 100,
            "max": 100
        },
        "iterations": {
            "count": 4454,
            "rate": 72.60426770613371
        },
        "data_received": {
            "rate": 44622.690518217365,
            "count": 2737435
        },
        "http_req_duration{expected_response:true}": {
            "p(95)": 389.3200950499999,
            "avg": 168.8970020950837,
            "min": 13.29423,
            "med": 164.7515055,
            "max": 1579.097636,
            "p(90)": 306.11208250000004
        },
        "http_req_waiting": {
            "p(95)": 389.2456912999999,
            "avg": 168.79758072844677,
            "min": 13.231933,
            "med": 164.57491149999998,
            "max": 1579.036683,
            "p(90)": 306.03636869999997
        },
        "http_req_duration": {
            "p(95)": 389.3200950499999,
            "avg": 168.8970020950837,
            "min": 13.29423,
            "med": 164.7515055,
            "max": 1579.097636,
            "p(90)": 306.11208250000004
        },
        "http_req_sending": {
            "avg": 0.051076462393354345,
            "min": 0.008697,
            "med": 0.022895,
            "max": 165.790829,
            "p(90)": 0.053237,
            "p(95)": 0.06284794999999999
        },
        "http_req_failed": {
            "passes": 0,
            "fails": 8908,
            "value": 0
        },
        "vus": {
            "value": 39,
            "min": 39,
            "max": 100
        },
        "iteration_duration": {
            "avg": 1364.2027115237963,
            "min": 1175.175283,
            "med": 1319.719974,
            "max": 2615.600823,
            "p(90)": 1520.8759869,
            "p(95)": 1750.9094078499988
        },
        "http_req_tls_handshaking": {
            "avg": 0,
            "min": 0,
            "med": 0,
            "max": 0,
            "p(90)": 0,
            "p(95)": 0
        },
        "data_sent": {
            "count": 8658689,
            "rate": 141144.53842392348
        },
        "http_reqs": {
            "count": 8908,
            "rate": 145.20853541226742
        }
    },
    "root_group": {
        "name": "",
        "path": "",
        "id": "d41d8cd98f00b204e9800998ecf8427e",
        "groups": {},
        "checks": {}
    }
}