{
    "root_group": {
        "name": "",
        "path": "",
        "id": "d41d8cd98f00b204e9800998ecf8427e",
        "groups": {},
        "checks": {}
    },
    "metrics": {
        "data_received": {
            "count": 5381344,
            "rate": 84834.86949383604
        },
        "http_req_tls_handshaking": {
            "avg": 0,
            "min": 0,
            "med": 0,
            "max": 0,
            "p(90)": 0,
            "p(95)": 0
        },
        "http_req_failed": {
            "passes": 7,
            "fails": 17509,
            "value": 0.0003996346197762046
        },
        "http_req_duration": {
            "p(95)": 4461.353978499999,
            "avg": 1947.0597259164826,
            "min": 9.779008,
            "med": 2026.1616715,
            "max": 7390.692394,
            "p(90)": 4040.6819725
        },
        "iterations": {
            "count": 8758,
            "rate": 138.06658467234507
        },
        "vus": {
            "value": 158,
            "min": 158,
            "max": 700
        },
        "iteration_duration": {
            "p(90)": 6229.5220476,
            "p(95)": 6662.954083449999,
            "avg": 4957.525576559016,
            "min": 1135.478445,
            "med": 4865.04575,
            "max": 11654.472316
        },
        "http_req_blocked": {
            "avg": 31.015272318508664,
            "min": 0.002435,
            "med": 8.320814,
            "max": 1125.120833,
            "p(90)": 85.7413425,
            "p(95)": 86.11398525
        },
        "http_req_connecting": {
            "med": 8.2571645,
            "max": 1125.032839,
            "p(90)": 85.6797435,
            "p(95)": 86.04591,
            "avg": 30.954413571705896,
            "min": 0
        },
        "http_req_sending": {
            "avg": 0.11926747939027252,
            "min": 0.008551,
            "med": 0.038783,
            "max": 243.061936,
            "p(90)": 0.0644255,
            "p(95)": 0.0764845
        },
        "http_reqs": {
            "count": 17516,
            "rate": 276.13316934469015
        },
        "http_req_waiting": {
            "p(95)": 4461.27125375,
            "avg": 1946.8910618052068,
            "min": 9.666141,
            "med": 2026.0573505,
            "max": 7390.606518,
            "p(90)": 4040.5996685
        },
        "data_sent": {
            "rate": 268391.43006624194,
            "count": 17024917
        },
        "http_req_duration{expected_response:true}": {
            "avg": 1947.8044978407174,
            "min": 9.779008,
            "med": 2028.678337,
            "max": 7390.692394,
            "p(90)": 4040.8470142,
            "p(95)": 4461.612038399999
        },
        "http_req_receiving": {
            "p(95)": 0.07087375,
            "avg": 0.04939663187942468,
            "min": 0,
            "med": 0.047167,
            "max": 2.102372,
            "p(90)": 0.0635485
        },
        "vus_max": {
            "value": 700,
            "min": 700,
            "max": 700
        }
    }
}