{
    "metrics": {
        "http_req_connecting": {
            "avg": 32.72314215035516,
            "min": 0,
            "med": 8.391478500000002,
            "max": 1132.487537,
            "p(90)": 85.721351,
            "p(95)": 86.065771
        },
        "http_reqs": {
            "count": 17166,
            "rate": 270.48791638324747
        },
        "http_req_duration": {
            "med": 2676.2880445,
            "max": 7979.356763,
            "p(90)": 4467.734961,
            "p(95)": 4971.93048475,
            "avg": 2179.3889275089127,
            "min": 9.721381
        },
        "data_sent": {
            "count": 16685681,
            "rate": 262919.43883988936
        },
        "data_received": {
            "count": 5274473,
            "rate": 83110.87101186626
        },
        "iterations": {
            "count": 8583,
            "rate": 135.24395819162373
        },
        "iteration_duration": {
            "avg": 5425.679663665753,
            "min": 1210.182628,
            "med": 5179.796274,
            "max": 12665.373634,
            "p(90)": 7040.6915904,
            "p(95)": 7798.1188416
        },
        "vus_max": {
            "value": 750,
            "min": 750,
            "max": 750
        },
        "http_req_receiving": {
            "min": 0,
            "med": 0.0467155,
            "max": 0.769591,
            "p(90)": 0.06331,
            "p(95)": 0.07041025,
            "avg": 0.04884162944192011
        },
        "http_req_duration{expected_response:true}": {
            "p(90)": 4467.7445654,
            "p(95)": 4971.997474399999,
            "avg": 2179.5141752722984,
            "min": 9.721381,
            "med": 2677.263494,
            "max": 7979.356763
        },
        "http_req_tls_handshaking": {
            "p(95)": 0,
            "avg": 0,
            "min": 0,
            "med": 0,
            "max": 0,
            "p(90)": 0
        },
        "http_req_sending": {
            "p(90)": 0.0655135,
            "p(95)": 0.07738875,
            "avg": 0.0818638195269715,
            "min": 0.008373,
            "med": 0.039554,
            "max": 188.114175
        },
        "http_req_waiting": {
            "min": 9.646991,
            "med": 2676.187245,
            "max": 7979.27681,
            "p(90)": 4467.6371585,
            "p(95)": 4971.792442,
            "avg": 2179.2582220599456
        },
        "vus": {
            "value": 143,
            "min": 143,
            "max": 750
        },
        "http_req_blocked": {
            "min": 0.002587,
            "med": 8.4630845,
            "max": 1132.538656,
            "p(90)": 85.78387000000001,
            "p(95)": 86.13026925,
            "avg": 32.79261954392386
        },
        "http_req_failed": {
            "fails": 17165,
            "passes": 1,
            "value": 0.00005825468950250495
        }
    },
    "root_group": {
        "name": "",
        "path": "",
        "id": "d41d8cd98f00b204e9800998ecf8427e",
        "groups": {},
        "checks": {}
    }
}