{
    "root_group": {
        "name": "",
        "path": "",
        "id": "d41d8cd98f00b204e9800998ecf8427e",
        "groups": {},
        "checks": {}
    },
    "metrics": {
        "http_req_blocked": {
            "p(90)": 85.6611005,
            "p(95)": 86.07621225,
            "avg": 28.056457043775048,
            "min": 0.002641,
            "med": 8.174415,
            "max": 1141.485136
        },
        "http_req_duration": {
            "max": 5678.053605,
            "p(90)": 3158.7243025,
            "p(95)": 3506.33090675,
            "avg": 1465.707582259527,
            "min": 9.791612,
            "med": 1615.6528875
        },
        "http_reqs": {
            "count": 16996,
            "rate": 271.551733754392
        },
        "http_req_duration{expected_response:true}": {
            "min": 9.791612,
            "med": 1616.4258530000002,
            "max": 5678.053605,
            "p(90)": 3158.8478517,
            "p(95)": 3506.4289489499993,
            "avg": 1466.0400937401084
        },
        "http_req_tls_handshaking": {
            "med": 0,
            "max": 0,
            "p(90)": 0,
            "p(95)": 0,
            "avg": 0,
            "min": 0
        },
        "data_sent": {
            "count": 16517456,
            "rate": 263905.84925934835
        },
        "http_req_failed": {
            "passes": 4,
            "fails": 16992,
            "value": 0.0002353494939985879
        },
        "iteration_duration": {
            "max": 8715.533569,
            "p(90)": 4982.225287,
            "p(95)": 5420.470493149999,
            "avg": 3988.72965287033,
            "min": 1265.400761,
            "med": 3885.6824325
        },
        "vus_max": {
            "value": 550,
            "min": 550,
            "max": 550
        },
        "http_req_sending": {
            "med": 0.0369485,
            "max": 161.931097,
            "p(90)": 0.062721,
            "p(95)": 0.07389124999999999,
            "avg": 0.05771175205930844,
            "min": 0.008681
        },
        "vus": {
            "value": 211,
            "min": 211,
            "max": 550
        },
        "http_req_waiting": {
            "p(95)": 3506.2205750000003,
            "avg": 1465.6010636346746,
            "min": 9.736663,
            "med": 1615.550472,
            "max": 5677.963638,
            "p(90)": 3158.644891
        },
        "iterations": {
            "count": 8498,
            "rate": 135.775866877196
        },
        "http_req_receiving": {
            "avg": 0.048806872793598535,
            "min": 0,
            "med": 0.046652,
            "max": 0.971402,
            "p(90)": 0.063334,
            "p(95)": 0.07042175
        },
        "data_received": {
            "count": 5221795,
            "rate": 83430.65930571989
        },
        "http_req_connecting": {
            "min": 0,
            "med": 8.110040999999999,
            "max": 1141.417568,
            "p(90)": 85.59445450000001,
            "p(95)": 86.00728975,
            "avg": 27.921401379854043
        }
    }
}