{
    "metrics": {
        "http_req_blocked": {
            "avg": 28.122652059997613,
            "min": 0.002523,
            "med": 8.1952835,
            "max": 1108.01493,
            "p(90)": 85.6789373,
            "p(95)": 86.11536389999999
        },
        "http_req_sending": {
            "p(90)": 0.0631585,
            "p(95)": 0.07477769999999999,
            "avg": 0.08501887937898141,
            "min": 0.008547,
            "med": 0.037605,
            "max": 109.539899
        },
        "http_req_receiving": {
            "avg": 0.0491745799590535,
            "min": 0,
            "med": 0.0468975,
            "max": 0.671019,
            "p(90)": 0.0634657,
            "p(95)": 0.07134154999999998
        },
        "http_req_connecting": {
            "avg": 28.055971896951913,
            "min": 0,
            "med": 8.130268000000001,
            "max": 1107.970402,
            "p(90)": 85.6184565,
            "p(95)": 86.05382665
        },
        "data_received": {
            "count": 5402280,
            "rate": 85283.542672879
        },
        "http_reqs": {
            "count": 17584,
            "rate": 277.59127893406196
        },
        "iterations": {
            "count": 8792,
            "rate": 138.79563946703098
        },
        "http_req_duration": {
            "p(95)": 3757.531141849999,
            "avg": 1581.176664093622,
            "min": 9.759171,
            "med": 1762.670603,
            "max": 5673.926249,
            "p(90)": 3333.3955110000006
        },
        "http_req_waiting": {
            "p(95)": 3757.4149792999992,
            "avg": 1581.0424706342624,
            "min": 9.692799,
            "med": 1762.6000884999999,
            "max": 5673.844208,
            "p(90)": 3333.3055260000006
        },
        "http_req_tls_handshaking": {
            "med": 0,
            "max": 0,
            "p(90)": 0,
            "p(95)": 0,
            "avg": 0,
            "min": 0
        },
        "http_req_failed": {
            "passes": 5,
            "fails": 17579,
            "value": 0.0002843494085532302
        },
        "vus_max": {
            "value": 600,
            "min": 600,
            "max": 600
        },
        "http_req_duration{expected_response:true}": {
            "p(95)": 3757.6727322999986,
            "avg": 1581.6047394817253,
            "min": 9.759171,
            "med": 1763.744611,
            "max": 5673.926249,
            "p(90)": 3333.7264609999997
        },
        "vus": {
            "value": 95,
            "min": 95,
            "max": 600
        },
        "data_sent": {
            "count": 17094183,
            "rate": 269858.74211231235
        },
        "iteration_duration": {
            "p(90)": 5345.282227300001,
            "p(95)": 5663.9272413,
            "avg": 4219.755417899676,
            "min": 1111.981982,
            "med": 4048.11736,
            "max": 8721.963278
        }
    },
    "root_group": {
        "groups": {},
        "checks": {},
        "name": "",
        "path": "",
        "id": "d41d8cd98f00b204e9800998ecf8427e"
    }
}