{
    "root_group": {
        "checks": {},
        "name": "",
        "path": "",
        "id": "d41d8cd98f00b204e9800998ecf8427e",
        "groups": {}
    },
    "metrics": {
        "http_req_receiving": {
            "max": 1.981467,
            "p(90)": 0.06254889999999999,
            "p(95)": 0.06951724999999997,
            "avg": 0.04806015678910924,
            "min": 0,
            "med": 0.0457895
        },
        "http_req_tls_handshaking": {
            "med": 0,
            "max": 0,
            "p(90)": 0,
            "p(95)": 0,
            "avg": 0,
            "min": 0
        },
        "http_req_connecting": {
            "p(95)": 86.10725805,
            "avg": 34.31571293609906,
            "min": 0,
            "med": 32.7342645,
            "max": 1138.320098,
            "p(90)": 85.75663970000001
        },
        "vus_max": {
            "value": 900,
            "min": 900,
            "max": 900
        },
        "http_reqs": {
            "rate": 264.48211219227113,
            "count": 17042
        },
        "http_req_duration{expected_response:true}": {
            "avg": 2760.3877317316856,
            "min": 9.841116,
            "med": 3072.700922,
            "max": 9031.082964,
            "p(90)": 5577.9293867,
            "p(95)": 6486.882365099999
        },
        "http_req_failed": {
            "passes": 2,
            "fails": 17040,
            "value": 0.00011735711770918906
        },
        "iteration_duration": {
            "p(90)": 8608.615299,
            "p(95)": 9292.248981,
            "avg": 6590.441964696285,
            "min": 1219.363726,
            "med": 6250.941081,
            "max": 13766.603084
        },
        "vus": {
            "value": 119,
            "min": 119,
            "max": 900
        },
        "iterations": {
            "count": 8521,
            "rate": 132.24105609613557
        },
        "http_req_waiting": {
            "p(90)": 5577.7382216999995,
            "p(95)": 6486.459078049993,
            "avg": 2759.9200965826635,
            "min": 9.78736,
            "med": 3072.509234,
            "max": 9030.995282
        },
        "data_sent": {
            "count": 16565272,
            "rate": 257083.56575516297
        },
        "http_req_blocked": {
            "p(95)": 86.1712424,
            "avg": 34.39227876522704,
            "min": 0.002278,
            "med": 32.7932595,
            "max": 1138.385578,
            "p(90)": 85.81874
        },
        "http_req_sending": {
            "max": 170.679008,
            "p(90)": 0.06496489999999999,
            "p(95)": 0.07936024999999997,
            "avg": 0.09959263572350656,
            "min": 0.008432,
            "med": 0.039734
        },
        "data_received": {
            "rate": 81265.61308292762,
            "count": 5236379
        },
        "http_req_duration": {
            "p(95)": 6486.526705999993,
            "avg": 2760.067749375186,
            "min": 9.841116,
            "med": 3072.6138015,
            "max": 9031.082964,
            "p(90)": 5577.8176383
        }
    }
}