{
    "root_group": {
        "groups": {},
        "checks": {},
        "name": "",
        "path": "",
        "id": "d41d8cd98f00b204e9800998ecf8427e"
    },
    "metrics": {
        "http_req_waiting": {
            "p(90)": 1159.4566091,
            "p(95)": 1356.52870885,
            "avg": 474.80568977704553,
            "min": 13.440222,
            "med": 270.633732,
            "max": 2752.469308
        },
        "iteration_duration": {
            "avg": 1985.8259242976094,
            "min": 1129.623306,
            "med": 1966.629947,
            "max": 5234.475482,
            "p(90)": 2527.956754,
            "p(95)": 2731.288887
        },
        "iterations": {
            "count": 7681,
            "rate": 124.22616377307376
        },
        "http_req_connecting": {
            "max": 2057.234911,
            "p(90)": 83.60300679999999,
            "p(95)": 85.79185355,
            "avg": 17.380844790326737,
            "min": 0,
            "med": 0
        },
        "data_received": {
            "rate": 76338.57069637594,
            "count": 4720073
        },
        "http_req_duration{expected_response:true}": {
            "p(90)": 1159.5989626,
            "p(95)": 1356.6416192999995,
            "avg": 474.9446818052078,
            "min": 13.497214,
            "med": 270.882602,
            "max": 2752.570381
        },
        "http_reqs": {
            "count": 15362,
            "rate": 248.45232754614753
        },
        "vus_max": {
            "value": 250,
            "min": 250,
            "max": 250
        },
        "http_req_receiving": {
            "med": 0.0448325,
            "max": 0.823974,
            "p(90)": 0.062026399999999995,
            "p(95)": 0.06924495,
            "avg": 0.047175686368962376,
            "min": 0
        },
        "http_req_blocked": {
            "p(90)": 83.66466589999999,
            "p(95)": 85.8544211,
            "avg": 17.410317710389325,
            "min": 0.002411,
            "med": 0.005945,
            "max": 2057.284993
        },
        "http_req_failed": {
            "fails": 15360,
            "passes": 2,
            "value": 0.0001301913813305559
        },
        "data_sent": {
            "count": 14929717,
            "rate": 241460.93856628612
        },
        "vus": {
            "min": 139,
            "max": 250,
            "value": 139
        },
        "http_req_sending": {
            "min": 0.008146,
            "med": 0.024054,
            "max": 36.08563,
            "p(90)": 0.055866799999999994,
            "p(95)": 0.06497914999999997,
            "avg": 0.036078822614242986
        },
        "http_req_duration": {
            "min": 13.497214,
            "med": 270.717719,
            "max": 2752.570381,
            "p(90)": 1159.5268606,
            "p(95)": 1356.6103004,
            "avg": 474.8889442860299
        },
        "http_req_tls_handshaking": {
            "p(95)": 0,
            "avg": 0,
            "min": 0,
            "med": 0,
            "max": 0,
            "p(90)": 0
        }
    }
}