{
    "root_group": {
        "name": "",
        "path": "",
        "id": "d41d8cd98f00b204e9800998ecf8427e",
        "groups": {},
        "checks": {}
    },
    "metrics": {
        "data_sent": {
            "count": 16077125,
            "rate": 260019.09978647926
        },
        "vus": {
            "value": 211,
            "min": 211,
            "max": 400
        },
        "http_req_blocked": {
            "p(95)": 86.05798195,
            "avg": 23.53291951801715,
            "min": 0.00252,
            "med": 0.008625500000000001,
            "max": 1135.777645,
            "p(90)": 85.4064272
        },
        "http_req_duration{expected_response:true}": {
            "avg": 950.4089828842134,
            "min": 10.003307,
            "med": 926.9949320000001,
            "max": 4188.338506,
            "p(90)": 2111.8599025000003,
            "p(95)": 2488.95926315
        },
        "vus_max": {
            "value": 400,
            "min": 400,
            "max": 400
        },
        "data_received": {
            "rate": 82196.41695202557,
            "count": 5082250
        },
        "iterations": {
            "count": 8270,
            "rate": 133.75264266678175
        },
        "http_req_duration": {
            "avg": 950.2960460045417,
            "min": 10.003307,
            "med": 926.1282505,
            "max": 4188.338506,
            "p(90)": 2111.8527415000003,
            "p(95)": 2488.93277305
        },
        "http_req_sending": {
            "max": 156.832324,
            "p(90)": 0.060149900000000006,
            "p(95)": 0.07140484999999996,
            "avg": 0.06962492968561018,
            "min": 0.008089,
            "med": 0.0303555
        },
        "http_req_connecting": {
            "min": 0,
            "med": 0,
            "max": 1135.725543,
            "p(90)": 85.3430562,
            "p(95)": 85.99252835,
            "avg": 23.477316938149926
        },
        "http_req_tls_handshaking": {
            "p(90)": 0,
            "p(95)": 0,
            "avg": 0,
            "min": 0,
            "med": 0,
            "max": 0
        },
        "http_req_waiting": {
            "p(90)": 2111.7919071,
            "p(95)": 2488.83368415,
            "avg": 950.1773263281129,
            "min": 9.938428,
            "med": 926.0269945,
            "max": 4188.255934
        },
        "http_req_failed": {
            "passes": 2,
            "fails": 16538,
            "value": 0.00012091898428053205
        },
        "http_reqs": {
            "count": 16540,
            "rate": 267.5052853335635
        },
        "http_req_receiving": {
            "avg": 0.04909474673518763,
            "min": 0,
            "med": 0.0466005,
            "max": 1.042914,
            "p(90)": 0.06331020000000001,
            "p(95)": 0.07120325
        },
        "iteration_duration": {
            "min": 1075.977483,
            "med": 2848.8152885,
            "max": 5598.405549,
            "p(90)": 3752.0319397000003,
            "p(95)": 3982.1260227499997,
            "avg": 2948.852325839306
        }
    }
}