{
    "root_group": {
        "path": "",
        "id": "d41d8cd98f00b204e9800998ecf8427e",
        "groups": {},
        "checks": {},
        "name": ""
    },
    "metrics": {
        "http_req_failed": {
            "passes": 4,
            "fails": 17892,
            "value": 0.00022351363433169424
        },
        "http_req_duration{expected_response:true}": {
            "min": 9.999939,
            "med": 3370.989127,
            "max": 9983.391722,
            "p(90)": 6022.7803781,
            "p(95)": 6900.346032250003,
            "avg": 2974.274608032426
        },
        "vus": {
            "value": 302,
            "min": 302,
            "max": 1000
        },
        "http_req_duration": {
            "avg": 2973.61990902169,
            "min": 9.999939,
            "med": 3368.7125889999998,
            "max": 9983.391722,
            "p(90)": 6022.766078500001,
            "p(95)": 6899.43224725
        },
        "http_req_blocked": {
            "avg": 35.16162448189523,
            "min": 0.00259,
            "med": 33.077374,
            "max": 1127.301418,
            "p(90)": 85.849543,
            "p(95)": 86.2056165
        },
        "data_sent": {
            "count": 17394840,
            "rate": 268583.52481416956
        },
        "iteration_duration": {
            "p(95)": 9655.501735499998,
            "avg": 7019.26174493429,
            "min": 1103.604861,
            "med": 6859.552428,
            "max": 13231.288316,
            "p(90)": 8954.1182198
        },
        "http_req_sending": {
            "avg": 0.09226081101922237,
            "min": 0.007522,
            "med": 0.039968500000000004,
            "max": 175.608987,
            "p(90)": 0.06581000000000001,
            "p(95)": 0.077417
        },
        "http_req_waiting": {
            "p(90)": 6022.223882,
            "p(95)": 6899.27962575,
            "avg": 2973.4797436245517,
            "min": 9.947052,
            "med": 3368.6187675,
            "max": 9983.305561
        },
        "vus_max": {
            "value": 1000,
            "min": 1000,
            "max": 1000
        },
        "http_reqs": {
            "count": 17896,
            "rate": 276.3216425143536
        },
        "http_req_connecting": {
            "avg": 35.082889883772964,
            "min": 0,
            "med": 33.013301999999996,
            "max": 1127.226917,
            "p(90)": 85.7828995,
            "p(95)": 86.137981
        },
        "http_req_receiving": {
            "min": 0,
            "med": 0.045719499999999996,
            "max": 1.27496,
            "p(90)": 0.062079999999999996,
            "p(95)": 0.06893650000000001,
            "avg": 0.047904586108627495
        },
        "data_received": {
            "count": 5498243,
            "rate": 84895.14621720201
        },
        "iterations": {
            "rate": 138.1608212571768,
            "count": 8948
        },
        "http_req_tls_handshaking": {
            "p(95)": 0,
            "avg": 0,
            "min": 0,
            "med": 0,
            "max": 0,
            "p(90)": 0
        }
    }
}