{
    "metrics": {
        "iterations": {
            "rate": 177.2157243235707,
            "count": 11045
        },
        "http_req_failed": {
            "passes": 4,
            "fails": 99401,
            "value": 0.00004023942457622856
        },
        "data_received": {
            "rate": 874619.2062743371,
            "count": 54510790
        },
        "http_reqs": {
            "count": 99405,
            "rate": 1594.9415189121362
        },
        "http_req_receiving": {
            "avg": 0.04105308464362984,
            "min": 0,
            "med": 0.035938,
            "max": 20.222019,
            "p(90)": 0.054626600000000004,
            "p(95)": 0.061847
        },
        "data_sent": {
            "count": 89569702,
            "rate": 1437135.3207221709
        },
        "http_req_duration{expected_response:true}": {
            "p(90)": 943.056403,
            "p(95)": 1306.118416,
            "avg": 304.5770260650417,
            "min": 12.245247,
            "med": 97.517342,
            "max": 21461.08421
        },
        "http_req_sending": {
            "p(90)": 0.03572660000000003,
            "p(95)": 0.046758799999999934,
            "avg": 0.033262735727579214,
            "min": 0.005864,
            "med": 0.014818,
            "max": 23.941097
        },
        "http_req_waiting": {
            "min": 12.201686,
            "med": 97.45019,
            "max": 21460.986097,
            "p(90)": 942.8336740000001,
            "p(95)": 1306.0755507999997,
            "avg": 304.491884206225
        },
        "iteration_duration": {
            "avg": 2772.9927761228623,
            "min": 1230.64611,
            "med": 2319.988571,
            "max": 23896.42989,
            "p(90)": 4316.6441438,
            "p(95)": 4681.7083204
        },
        "vus_max": {
            "value": 500,
            "min": 500,
            "max": 500
        },
        "http_req_duration": {
            "avg": 304.5662000266004,
            "min": 12.245247,
            "med": 97.516009,
            "max": 21461.08421,
            "p(90)": 943.0130922000006,
            "p(95)": 1306.1178014
        },
        "http_req_connecting": {
            "min": 0,
            "med": 0,
            "max": 1134.912642,
            "p(90)": 7.977749600000002,
            "p(95)": 36.120115799999965,
            "avg": 5.6686457953020195
        },
        "http_req_tls_handshaking": {
            "min": 0,
            "med": 0,
            "max": 0,
            "p(90)": 0,
            "p(95)": 0,
            "avg": 0
        },
        "vus": {
            "value": 122,
            "min": 122,
            "max": 500
        },
        "http_req_blocked": {
            "avg": 5.689919403500942,
            "min": 0.001628,
            "med": 0.005371,
            "max": 1135.010328,
            "p(90)": 8.033934200000001,
            "p(95)": 36.1867732
        }
    },
    "root_group": {
        "name": "",
        "path": "",
        "id": "d41d8cd98f00b204e9800998ecf8427e",
        "groups": {},
        "checks": {}
    }
}