{
    "root_group": {
        "name": "",
        "path": "",
        "id": "d41d8cd98f00b204e9800998ecf8427e",
        "groups": {},
        "checks": {}
    },
    "metrics": {
        "http_req_sending": {
            "max": 13.212798,
            "p(90)": 0.029708900000000007,
            "p(95)": 0.04142064999999998,
            "avg": 0.02059231080642322,
            "min": 0.00541,
            "med": 0.014637
        },
        "iteration_duration": {
            "med": 1477.6075974999999,
            "max": 3656.172907,
            "p(90)": 2448.5136107,
            "p(95)": 2621.5936441499994,
            "avg": 1706.1793845248337,
            "min": 1179.144672
        },
        "data_received": {
            "count": 43908290,
            "rate": 714867.7871108255
        },
        "http_reqs": {
            "count": 80082,
            "rate": 1303.8094202122
        },
        "http_req_duration{expected_response:true}": {
            "p(90)": 256.8209006000003,
            "p(95)": 490.237625300001,
            "avg": 117.96980939497944,
            "min": 12.238983,
            "med": 88.3401915,
            "max": 1199.309171
        },
        "iterations": {
            "count": 8898,
            "rate": 144.8677133569111
        },
        "http_req_duration": {
            "max": 1199.309171,
            "p(90)": 256.8148584000001,
            "p(95)": 490.219433,
            "avg": 117.96771157448558,
            "min": 9.676804,
            "med": 88.3395085
        },
        "http_req_failed": {
            "passes": 2,
            "fails": 80080,
            "value": 0.000024974401238730302
        },
        "http_req_blocked": {
            "avg": 3.082847284470976,
            "min": 0.001628,
            "med": 0.005227,
            "max": 1058.035867,
            "p(90)": 0.015969,
            "p(95)": 8.2642551
        },
        "vus": {
            "value": 94,
            "min": 94,
            "max": 250
        },
        "data_sent": {
            "count": 72158556,
            "rate": 1174808.3846770755
        },
        "http_req_receiving": {
            "avg": 0.04045411342124318,
            "min": 0,
            "med": 0.036434,
            "max": 2.074822,
            "p(90)": 0.054498800000000014,
            "p(95)": 0.06142284999999999
        },
        "vus_max": {
            "value": 250,
            "min": 250,
            "max": 250
        },
        "http_req_connecting": {
            "avg": 3.069136151756951,
            "min": 0,
            "med": 0,
            "max": 1057.929679,
            "p(90)": 0,
            "p(95)": 8.191144649999998
        },
        "http_req_tls_handshaking": {
            "p(90)": 0,
            "p(95)": 0,
            "avg": 0,
            "min": 0,
            "med": 0,
            "max": 0
        },
        "http_req_waiting": {
            "p(90)": 256.72368790000047,
            "p(95)": 490.16786584999977,
            "avg": 117.9066651502581,
            "min": 9.630888,
            "med": 88.2818975,
            "max": 1199.238041
        }
    }
}