{
    "metrics": {
        "http_req_blocked": {
            "p(90)": 34.4658668,
            "p(95)": 83.50096155,
            "avg": 8.994332933871576,
            "min": 0.001707,
            "med": 0.005558,
            "max": 1112.845892
        },
        "http_req_tls_handshaking": {
            "avg": 0,
            "min": 0,
            "med": 0,
            "max": 0,
            "p(90)": 0,
            "p(95)": 0
        },
        "vus": {
            "max": 950,
            "value": 3,
            "min": 3
        },
        "http_req_connecting": {
            "p(95)": 83.43564165,
            "avg": 8.951399694629455,
            "min": 0,
            "med": 0,
            "max": 1112.798225,
            "p(90)": 34.36949280000002
        },
        "iterations": {
            "rate": 147.86299807490207,
            "count": 9910
        },
        "vus_max": {
            "max": 950,
            "value": 950,
            "min": 950
        },
        "http_req_receiving": {
            "max": 3.943323,
            "p(90)": 0.05401820000000001,
            "p(95)": 0.06098155,
            "avg": 0.040257201502410495,
            "min": 0,
            "med": 0.035854
        },
        "data_sent": {
            "rate": 1199092.6403565619,
            "count": 80364988
        },
        "data_received": {
            "count": 48923112,
            "rate": 729961.4546391744
        },
        "http_req_sending": {
            "max": 94.150453,
            "p(90)": 0.04295520000000001,
            "p(95)": 0.05447365000000001,
            "avg": 0.08818100313936579,
            "min": 0.005912,
            "med": 0.01529
        },
        "iteration_duration": {
            "p(90)": 5826.3926053000005,
            "p(95)": 42583.00680279979,
            "avg": 6073.6110365238055,
            "min": 1225.006867,
            "med": 2800.23164,
            "max": 61473.845236
        },
        "http_req_failed": {
            "passes": 3,
            "fails": 89187,
            "value": 0.00003363605785401951
        },
        "http_reqs": {
            "count": 89190,
            "rate": 1330.7669826741185
        },
        "http_req_waiting": {
            "p(95)": 2024.8188399,
            "avg": 687.1182870762167,
            "min": 3.429157,
            "med": 95.113181,
            "max": 56068.558052,
            "p(90)": 1314.6071223000013
        },
        "http_req_duration": {
            "avg": 687.2467252808576,
            "min": 3.452898,
            "med": 95.1878165,
            "max": 56068.620342,
            "p(90)": 1314.6498960000015,
            "p(95)": 2024.8623905
        },
        "http_req_duration{expected_response:true}": {
            "min": 12.185637,
            "med": 95.188489,
            "max": 56068.620342,
            "p(90)": 1314.7280100000023,
            "p(95)": 2024.8641469999998,
            "avg": 687.269221659465
        }
    },
    "root_group": {
        "checks": {},
        "name": "",
        "path": "",
        "id": "d41d8cd98f00b204e9800998ecf8427e",
        "groups": {}
    }
}