{
    "metrics": {
        "http_req_receiving": {
            "avg": 0.04080189690588939,
            "min": 0,
            "med": 0.036119,
            "max": 3.294429,
            "p(90)": 0.054446,
            "p(95)": 0.06179159999999999
        },
        "vus": {
            "value": 160,
            "min": 160,
            "max": 450
        },
        "http_req_tls_handshaking": {
            "avg": 0,
            "min": 0,
            "med": 0,
            "max": 0,
            "p(90)": 0,
            "p(95)": 0
        },
        "http_req_sending": {
            "p(95)": 0.046862599999999976,
            "avg": 0.02415154456571911,
            "min": 0.005508,
            "med": 0.014764,
            "max": 22.234356,
            "p(90)": 0.035305
        },
        "iteration_duration": {
            "p(90)": 4382.5604436,
            "p(95)": 4824.942584199999,
            "avg": 2670.835768530279,
            "min": 1227.685301,
            "med": 2109.914427,
            "max": 21614.581014
        },
        "http_req_connecting": {
            "p(95)": 35.7088592,
            "avg": 4.976137363598307,
            "min": 0,
            "med": 0,
            "max": 1112.334367,
            "p(90)": 7.891580800000001
        },
        "http_req_duration": {
            "p(90)": 796.8643514,
            "p(95)": 1167.9374418,
            "avg": 277.1869182437539,
            "min": 0.402824,
            "med": 94.975993,
            "max": 19085.858886
        },
        "http_req_blocked": {
            "min": 0.001584,
            "med": 0.005335,
            "max": 1112.380581,
            "p(90)": 7.9444514,
            "p(95)": 35.775782,
            "avg": 4.990359811079953
        },
        "http_req_waiting": {
            "min": 0.380405,
            "med": 94.918066,
            "max": 19085.782137,
            "p(90)": 796.8065252000004,
            "p(95)": 1167.8995646,
            "avg": 277.12196480227675
        },
        "http_req_duration{expected_response:true}": {
            "avg": 277.19448151791033,
            "min": 12.201494,
            "med": 94.976328,
            "max": 19085.858886,
            "p(90)": 796.8660138,
            "p(95)": 1167.9406405999998
        },
        "iterations": {
            "count": 10353,
            "rate": 165.37617536919342
        },
        "vus_max": {
            "value": 450,
            "min": 450,
            "max": 450
        },
        "data_received": {
            "count": 51094104,
            "rate": 816164.1556491653
        },
        "data_sent": {
            "count": 83958603,
            "rate": 1341133.2612267449
        },
        "http_reqs": {
            "count": 93177,
            "rate": 1488.385578322741
        },
        "http_req_failed": {
            "passes": 4,
            "fails": 93173,
            "value": 0.00004292904901424171
        }
    },
    "root_group": {
        "id": "d41d8cd98f00b204e9800998ecf8427e",
        "groups": {},
        "checks": {},
        "name": "",
        "path": ""
    }
}