{
    "metrics": {
        "data_sent": {
            "rate": 1201000.1994223343,
            "count": 76212875
        },
        "iteration_duration": {
            "med": 2448.372424,
            "max": 58671.652441,
            "p(90)": 5036.5058084,
            "p(95)": 6833.601107449994,
            "avg": 4266.007649543618,
            "min": 1227.39046
        },
        "iterations": {
            "count": 9398,
            "rate": 148.09833475211502
        },
        "vus": {
            "max": 650,
            "value": 64,
            "min": 64
        },
        "http_req_connecting": {
            "p(95)": 82.38677725,
            "avg": 7.607082860797775,
            "min": 0,
            "med": 0,
            "max": 1108.340919,
            "p(90)": 32.8976116
        },
        "http_reqs": {
            "count": 84582,
            "rate": 1332.8850127690353
        },
        "http_req_duration": {
            "avg": 445.3090537898986,
            "min": 8.043515,
            "med": 93.826451,
            "max": 55020.807634,
            "p(90)": 1039.6288762,
            "p(95)": 1681.8859294
        },
        "http_req_duration{expected_response:true}": {
            "avg": 445.32312029526474,
            "min": 12.269925,
            "med": 93.826828,
            "max": 55020.807634,
            "p(90)": 1039.6454009999998,
            "p(95)": 1681.8954253999993
        },
        "http_req_waiting": {
            "min": 8.034292,
            "med": 93.76135,
            "max": 55020.716863,
            "p(90)": 1039.5701453000001,
            "p(95)": 1681.80957995,
            "avg": 445.21554482270017
        },
        "http_req_receiving": {
            "avg": 0.04081369595185744,
            "min": 0,
            "med": 0.036639,
            "max": 4.065809,
            "p(90)": 0.055365,
            "p(95)": 0.06253939999999997
        },
        "http_req_failed": {
            "passes": 3,
            "fails": 84579,
            "value": 0.00003546853940554728
        },
        "data_received": {
            "count": 46396216,
            "rate": 731134.5316449708
        },
        "vus_max": {
            "min": 650,
            "max": 650,
            "value": 650
        },
        "http_req_blocked": {
            "p(95)": 82.47138754999999,
            "avg": 7.637105999243457,
            "min": 0.001459,
            "med": 0.005505,
            "max": 1108.399756,
            "p(90)": 32.9573052
        },
        "http_req_tls_handshaking": {
            "p(90)": 0,
            "p(95)": 0,
            "avg": 0,
            "min": 0,
            "med": 0,
            "max": 0
        },
        "http_req_sending": {
            "avg": 0.052695271239744323,
            "min": 0.005586,
            "med": 0.015283,
            "max": 54.268778,
            "p(90)": 0.04042160000000004,
            "p(95)": 0.051440749999999986
        }
    },
    "root_group": {
        "name": "",
        "path": "",
        "id": "d41d8cd98f00b204e9800998ecf8427e",
        "groups": {},
        "checks": {}
    }
}