{
    "root_group": {
        "groups": {},
        "checks": {},
        "name": "",
        "path": "",
        "id": "d41d8cd98f00b204e9800998ecf8427e"
    },
    "metrics": {
        "http_req_duration{expected_response:true}": {
            "avg": 603.844269156652,
            "min": 12.186546,
            "med": 97.9704135,
            "max": 54799.161683,
            "p(90)": 1150.3227739,
            "p(95)": 1585.8020893499997
        },
        "iteration_duration": {
            "avg": 5223.510660142782,
            "min": 1224.537907,
            "med": 2668.31447,
            "max": 59174.306392,
            "p(90)": 4905.371243,
            "p(95)": 22431.396285
        },
        "http_reqs": {
            "count": 96129,
            "rate": 1485.8895590785087
        },
        "http_req_duration": {
            "avg": 603.814506030043,
            "min": 1.062775,
            "med": 97.969877,
            "max": 54799.161683,
            "p(90)": 1150.3016753999998,
            "p(95)": 1585.7993365999998
        },
        "data_received": {
            "count": 52733584,
            "rate": 815115.9574986685
        },
        "iterations": {
            "count": 10681,
            "rate": 165.0988398976121
        },
        "http_req_waiting": {
            "avg": 603.7207882946902,
            "min": 1.047091,
            "med": 97.906683,
            "max": 54799.057098,
            "p(90)": 1150.2126269999999,
            "p(95)": 1585.7491885999998
        },
        "http_req_connecting": {
            "avg": 9.576461678504938,
            "min": 0,
            "med": 0,
            "max": 1145.549394,
            "p(90)": 34.178326,
            "p(95)": 83.51739859999999
        },
        "vus_max": {
            "value": 900,
            "min": 900,
            "max": 900
        },
        "data_sent": {
            "rate": 1338879.2825748732,
            "count": 86618232
        },
        "http_req_sending": {
            "min": 0.005649,
            "med": 0.015414,
            "max": 46.437668,
            "p(90)": 0.042140199999999996,
            "p(95)": 0.052724799999999884,
            "avg": 0.054160704282786826
        },
        "http_req_failed": {
            "passes": 5,
            "fails": 96124,
            "value": 0.000052013440272966534
        },
        "http_req_receiving": {
            "p(90)": 0.0540714,
            "p(95)": 0.06101759999999994,
            "avg": 0.039557031072829325,
            "min": 0,
            "med": 0.036162,
            "max": 6.136636
        },
        "http_req_tls_handshaking": {
            "avg": 0,
            "min": 0,
            "med": 0,
            "max": 0,
            "p(90)": 0,
            "p(95)": 0
        },
        "vus": {
            "value": 98,
            "min": 98,
            "max": 900
        },
        "http_req_blocked": {
            "med": 0.00558,
            "max": 1145.609015,
            "p(90)": 34.2521546,
            "p(95)": 83.5764468,
            "avg": 9.601319394428392,
            "min": 0.001627
        }
    }
}