{
    "root_group": {
        "groups": {},
        "checks": {},
        "name": "",
        "path": "",
        "id": "d41d8cd98f00b204e9800998ecf8427e"
    },
    "metrics": {
        "data_sent": {
            "count": 79969090,
            "rate": 1248553.725795535
        },
        "http_req_sending": {
            "avg": 0.03697776142829753,
            "min": 0.005756,
            "med": 0.015296,
            "max": 32.37487,
            "p(90)": 0.040642199999999996,
            "p(95)": 0.05147779999999993
        },
        "data_received": {
            "rate": 759953.7612692687,
            "count": 48674566
        },
        "http_req_connecting": {
            "p(95)": 83.2624096,
            "avg": 8.007823188948562,
            "min": 0,
            "med": 0,
            "max": 109.597506,
            "p(90)": 34.0092516
        },
        "http_req_blocked": {
            "p(95)": 83.320098,
            "avg": 8.032362203393875,
            "min": 0.001605,
            "med": 0.005504,
            "max": 134.35869,
            "p(90)": 34.0662398
        },
        "http_req_tls_handshaking": {
            "p(95)": 0,
            "avg": 0,
            "min": 0,
            "med": 0,
            "max": 0,
            "p(90)": 0
        },
        "http_req_waiting": {
            "avg": 507.1071941759073,
            "min": 12.15142,
            "med": 95.797904,
            "max": 54735.394449,
            "p(90)": 1007.5829923999999,
            "p(95)": 1561.6171848
        },
        "http_req_receiving": {
            "min": 0,
            "med": 0.035761,
            "max": 3.916789,
            "p(90)": 0.054017,
            "p(95)": 0.06126379999999997,
            "avg": 0.040205895965025135
        },
        "vus_max": {
            "value": 750,
            "min": 750,
            "max": 750
        },
        "http_req_failed": {
            "passes": 4,
            "fails": 88745,
            "value": 0.0000450709303766803
        },
        "iterations": {
            "count": 9861,
            "rate": 153.95933966573546
        },
        "http_reqs": {
            "count": 88749,
            "rate": 1385.6340569916192
        },
        "http_req_duration": {
            "avg": 507.1843778333061,
            "min": 12.213089,
            "med": 95.861544,
            "max": 54735.476139,
            "p(90)": 1007.6411897999999,
            "p(95)": 1561.6765005999998
        },
        "http_req_duration{expected_response:true}": {
            "med": 95.861544,
            "max": 54735.476139,
            "p(90)": 1007.6568354000002,
            "p(95)": 1561.6823318000002,
            "avg": 507.19589904075815,
            "min": 12.213089
        },
        "vus": {
            "value": 4,
            "min": 4,
            "max": 750
        },
        "iteration_duration": {
            "p(90)": 4769.518316,
            "p(95)": 13234.119463,
            "avg": 4710.718648133049,
            "min": 1227.220122,
            "med": 2678.431017,
            "max": 59451.974182
        }
    }
}