{
    "metrics": {
        "http_req_connecting": {
            "p(95)": 0,
            "avg": 2.177845223268247,
            "min": 0,
            "med": 0,
            "max": 91.447122,
            "p(90)": 0
        },
        "vus_max": {
            "max": 20,
            "value": 20,
            "min": 20
        },
        "http_reqs": {
            "count": 8604,
            "rate": 140.53228032760939
        },
        "http_req_waiting": {
            "p(95)": 96.1101135,
            "avg": 52.32721508356574,
            "min": 12.310425,
            "med": 42.163078999999996,
            "max": 276.110575,
            "p(90)": 93.0146994
        },
        "http_req_receiving": {
            "avg": 0.044781037075778664,
            "min": 0.010693,
            "med": 0.0419905,
            "max": 0.817124,
            "p(90)": 0.061178899999999994,
            "p(95)": 0.068293
        },
        "data_received": {
            "count": 4719622,
            "rate": 77087.31310371368
        },
        "http_req_duration": {
            "avg": 52.39133069211996,
            "min": 12.345902,
            "med": 42.238012499999996,
            "max": 276.1682,
            "p(90)": 93.07126149999999,
            "p(95)": 96.1693145
        },
        "http_req_duration{expected_response:true}": {
            "max": 276.1682,
            "p(90)": 93.07126149999999,
            "p(95)": 96.1693145,
            "avg": 52.39133069211996,
            "min": 12.345902,
            "med": 42.238012499999996
        },
        "http_req_tls_handshaking": {
            "p(95)": 0,
            "avg": 0,
            "min": 0,
            "med": 0,
            "max": 0,
            "p(90)": 0
        },
        "http_req_failed": {
            "passes": 0,
            "fails": 8604,
            "value": 0
        },
        "http_req_blocked": {
            "med": 0.0050485,
            "max": 91.493408,
            "p(90)": 0.010324799999999995,
            "p(95)": 0.04929594999999845,
            "avg": 2.1878488822640656,
            "min": 0.001731
        },
        "iteration_duration": {
            "max": 1506.635957,
            "p(90)": 1304.96049,
            "p(95)": 1447.975604,
            "avg": 1271.3350870659,
            "min": 1170.203144,
            "med": 1277.2401105
        },
        "vus": {
            "max": 20,
            "value": 7,
            "min": 7
        },
        "http_req_sending": {
            "p(95)": 0.04453974999999989,
            "avg": 0.019334571478382172,
            "min": 0.005365,
            "med": 0.0148425,
            "max": 0.765006,
            "p(90)": 0.030956799999999996
        },
        "data_sent": {
            "count": 7752365,
            "rate": 126622.21424708827
        },
        "iterations": {
            "count": 956,
            "rate": 15.61469781417882
        }
    },
    "root_group": {
        "path": "",
        "id": "d41d8cd98f00b204e9800998ecf8427e",
        "groups": {},
        "checks": {},
        "name": ""
    }
}