{
    "root_group": {
        "path": "",
        "id": "d41d8cd98f00b204e9800998ecf8427e",
        "groups": {},
        "checks": {},
        "name": ""
    },
    "metrics": {
        "http_req_waiting": {
            "p(95)": 986.6094463999993,
            "avg": 198.12249864726368,
            "min": 12.175516,
            "med": 92.002778,
            "max": 8491.122241,
            "p(90)": 578.9033843999989
        },
        "http_req_sending": {
            "max": 3.005621,
            "p(90)": 0.032957,
            "p(95)": 0.045014349999999814,
            "avg": 0.021216039941283238,
            "min": 0.005389,
            "med": 0.014548
        },
        "http_req_duration{expected_response:true}": {
            "p(95)": 986.6558539999999,
            "avg": 198.18748612196805,
            "min": 12.222438,
            "med": 92.058504,
            "max": 8491.193785,
            "p(90)": 579.1558817000048
        },
        "http_req_failed": {
            "passes": 2,
            "fails": 84472,
            "value": 0.000023675923952932263
        },
        "http_reqs": {
            "count": 84474,
            "rate": 1358.9322936373374
        },
        "data_sent": {
            "count": 76115061,
            "rate": 1224462.135391669
        },
        "http_req_blocked": {
            "p(90)": 0.03331659999999998,
            "p(95)": 34.18306275,
            "avg": 4.305319308449865,
            "min": 0.001574,
            "med": 0.005249,
            "max": 1129.645153
        },
        "http_req_receiving": {
            "min": 0,
            "med": 0.0359165,
            "max": 2.418551,
            "p(90)": 0.054263,
            "p(95)": 0.06138109999999995,
            "avg": 0.04013276397471376
        },
        "http_req_duration": {
            "avg": 198.1838474511789,
            "min": 12.222438,
            "med": 92.058112,
            "max": 8491.193785,
            "p(90)": 579.0484690999984,
            "p(95)": 986.6494339999995
        },
        "http_req_tls_handshaking": {
            "p(90)": 0,
            "p(95)": 0,
            "avg": 0,
            "min": 0,
            "med": 0,
            "max": 0
        },
        "data_received": {
            "rate": 745178.6326670984,
            "count": 46321822
        },
        "vus_max": {
            "value": 350,
            "min": 350,
            "max": 350
        },
        "http_req_connecting": {
            "avg": 4.293628400561118,
            "min": 0,
            "med": 0,
            "max": 1129.577857,
            "p(90)": 0,
            "p(95)": 34.11233154999999
        },
        "vus": {
            "value": 42,
            "min": 42,
            "max": 350
        },
        "iterations": {
            "count": 9386,
            "rate": 150.99247707081526
        },
        "iteration_duration": {
            "avg": 2281.737715586726,
            "min": 1225.214788,
            "med": 1810.6260395,
            "max": 10760.633366,
            "p(90)": 3647.78309,
            "p(95)": 3988.07068325
        }
    }
}