{
    "metrics": {
        "data_sent": {
            "count": 86156383,
            "rate": 1318653.8375537156
        },
        "iteration_duration": {
            "p(90)": 5376.412577200001,
            "p(95)": 42788.85044810007,
            "avg": 5866.05062081258,
            "min": 1225.043166,
            "med": 2889.4408755,
            "max": 60300.350083
        },
        "http_req_sending": {
            "p(95)": 0.05395525,
            "avg": 0.06040978537065103,
            "min": 0.005399,
            "med": 0.015462,
            "max": 53.336953,
            "p(90)": 0.0423765
        },
        "vus_max": {
            "min": 1000,
            "max": 1000,
            "value": 1000
        },
        "data_received": {
            "count": 52430550,
            "rate": 802468.0651061217
        },
        "vus": {
            "value": 48,
            "min": 48,
            "max": 1000
        },
        "http_req_connecting": {
            "avg": 8.815014274451961,
            "min": 0,
            "med": 0,
            "max": 1091.31302,
            "p(90)": 34.3534895,
            "p(95)": 83.351917
        },
        "iterations": {
            "count": 10624,
            "rate": 162.6040681184431
        },
        "http_req_duration": {
            "p(95)": 1600.1891027499998,
            "avg": 687.4232397739434,
            "min": 1.274279,
            "med": 97.217445,
            "max": 54574.164198,
            "p(90)": 1216.852914
        },
        "http_req_waiting": {
            "avg": 687.3225438745832,
            "min": 1.259523,
            "med": 97.153854,
            "max": 54574.111633,
            "p(90)": 1216.7719725000002,
            "p(95)": 1600.11770825
        },
        "http_req_tls_handshaking": {
            "p(95)": 0,
            "avg": 0,
            "min": 0,
            "med": 0,
            "max": 0,
            "p(90)": 0
        },
        "http_reqs": {
            "count": 95616,
            "rate": 1463.436613065988
        },
        "http_req_blocked": {
            "min": 0.0015,
            "med": 0.005565,
            "max": 1091.350461,
            "p(90)": 34.4399885,
            "p(95)": 83.4104595,
            "avg": 8.843246702079252
        },
        "http_req_receiving": {
            "min": 0,
            "med": 0.03572,
            "max": 49.988779,
            "p(90)": 0.053814,
            "p(95)": 0.06119325,
            "avg": 0.04028611398719879
        },
        "http_req_failed": {
            "passes": 10,
            "fails": 95606,
            "value": 0.00010458500669344043
        },
        "http_req_duration{expected_response:true}": {
            "p(90)": 1216.8654415,
            "p(95)": 1600.22473025,
            "avg": 687.4916123253914,
            "min": 12.266214,
            "med": 97.220396,
            "max": 54574.164198
        }
    },
    "root_group": {
        "name": "",
        "path": "",
        "id": "d41d8cd98f00b204e9800998ecf8427e",
        "groups": {},
        "checks": {}
    }
}