{
    "metrics": {
        "http_req_tls_handshaking": {
            "avg": 0,
            "min": 0,
            "med": 0,
            "max": 0,
            "p(90)": 0,
            "p(95)": 0
        },
        "http_req_waiting": {
            "avg": 207.60215532578331,
            "min": 12.132221,
            "med": 94.210049,
            "max": 5386.274768,
            "p(90)": 552.1404452,
            "p(95)": 949.4312198999991
        },
        "vus": {
            "value": 62,
            "min": 62,
            "max": 400
        },
        "iteration_duration": {
            "p(90)": 3622.9946726000003,
            "p(95)": 3925.0443013999984,
            "avg": 2214.1891568580377,
            "min": 1230.826338,
            "med": 1696.8372245,
            "max": 7473.458793
        },
        "http_reqs": {
            "count": 99468,
            "rate": 1597.0656534409513
        },
        "http_req_blocked": {
            "avg": 4.059882442674923,
            "min": 0.001655,
            "med": 0.005334,
            "max": 104.42087,
            "p(90)": 0.02817910000000002,
            "p(95)": 34.116121299999996
        },
        "http_req_connecting": {
            "min": 0,
            "med": 0,
            "max": 101.710581,
            "p(90)": 0,
            "p(95)": 34.048377699999996,
            "avg": 4.044867846010799
        },
        "http_req_sending": {
            "avg": 0.025168310552137627,
            "min": 0.005567,
            "med": 0.014775,
            "max": 20.727247,
            "p(90)": 0.0321846,
            "p(95)": 0.04409159999999998
        },
        "iterations": {
            "count": 11052,
            "rate": 177.4517392712168
        },
        "http_req_duration{expected_response:true}": {
            "p(95)": 949.5345049999979,
            "avg": 207.67291515330228,
            "min": 12.168866,
            "med": 94.275788,
            "max": 5386.332482,
            "p(90)": 552.1875304
        },
        "vus_max": {
            "value": 400,
            "min": 400,
            "max": 400
        },
        "data_sent": {
            "rate": 1439046.9669096635,
            "count": 89626324
        },
        "http_req_duration": {
            "avg": 207.668586226487,
            "min": 12.168866,
            "med": 94.2751505,
            "max": 5386.332482,
            "p(90)": 552.1828117,
            "p(95)": 949.5085309999989
        },
        "http_req_receiving": {
            "avg": 0.041262590149595636,
            "min": 0,
            "med": 0.036037,
            "max": 20.770818,
            "p(90)": 0.054259,
            "p(95)": 0.06151094999999998
        },
        "data_received": {
            "count": 54534816,
            "rate": 875615.0877701577
        },
        "http_req_failed": {
            "passes": 3,
            "fails": 99465,
            "value": 0.00003016045361322234
        }
    },
    "root_group": {
        "name": "",
        "path": "",
        "id": "d41d8cd98f00b204e9800998ecf8427e",
        "groups": {},
        "checks": {}
    }
}