{
    "metrics": {
        "iteration_duration": {
            "avg": 1278.8983818564393,
            "min": 1169.121518,
            "med": 1279.805296,
            "max": 1715.449355,
            "p(90)": 1341.4878445000002,
            "p(95)": 1450.3153911
        },
        "vus": {
            "max": 60,
            "value": 8,
            "min": 8
        },
        "data_sent": {
            "count": 23047411,
            "rate": 376548.02351221704
        },
        "http_req_connecting": {
            "min": 0,
            "med": 0,
            "max": 103.068027,
            "p(90)": 0,
            "p(95)": 0,
            "avg": 2.223841346508714
        },
        "iterations": {
            "count": 2842,
            "rate": 46.432524799497905
        },
        "http_req_sending": {
            "avg": 0.018470059386973256,
            "min": 0.005191,
            "med": 0.014665,
            "max": 1.026622,
            "p(90)": 0.0290519,
            "p(95)": 0.04026949999999994
        },
        "vus_max": {
            "value": 60,
            "min": 60,
            "max": 60
        },
        "http_reqs": {
            "count": 25578,
            "rate": 417.89272319548115
        },
        "http_req_waiting": {
            "p(90)": 94.828921,
            "p(95)": 100.076269,
            "avg": 54.29231851141571,
            "min": 12.346506,
            "med": 43.571301000000005,
            "max": 396.25281
        },
        "data_received": {
            "count": 14026838,
            "rate": 229170.12783023913
        },
        "http_req_duration": {
            "min": 12.413217,
            "med": 43.634232999999995,
            "max": 396.311424,
            "p(90)": 94.8914991,
            "p(95)": 100.12403350000001,
            "avg": 54.353015697317936
        },
        "http_req_blocked": {
            "max": 103.105721,
            "p(90)": 0.009847599999999991,
            "p(95)": 0.05933949999999849,
            "avg": 2.232984052545149,
            "min": 0.00179,
            "med": 0.0050335
        },
        "http_req_receiving": {
            "max": 1.0046,
            "p(90)": 0.0588362,
            "p(95)": 0.06632264999999998,
            "avg": 0.042227126514973824,
            "min": 0.010163,
            "med": 0.039859
        },
        "http_req_tls_handshaking": {
            "avg": 0,
            "min": 0,
            "med": 0,
            "max": 0,
            "p(90)": 0,
            "p(95)": 0
        },
        "http_req_duration{expected_response:true}": {
            "med": 43.634232999999995,
            "max": 396.311424,
            "p(90)": 94.8914991,
            "p(95)": 100.12403350000001,
            "avg": 54.353015697317936,
            "min": 12.413217
        },
        "http_req_failed": {
            "passes": 0,
            "fails": 25578,
            "value": 0
        }
    },
    "root_group": {
        "name": "",
        "path": "",
        "id": "d41d8cd98f00b204e9800998ecf8427e",
        "groups": {},
        "checks": {}
    }
}