{
    "metrics": {
        "http_req_sending": {
            "min": 0.005445,
            "med": 0.014182,
            "max": 14.545816,
            "p(90)": 0.0274198,
            "p(95)": 0.03788549999999991,
            "avg": 0.01886803189584273
        },
        "http_req_waiting": {
            "max": 530.190104,
            "p(90)": 103.88746180000003,
            "p(95)": 125.15390159999995,
            "avg": 64.81433488227412,
            "min": 12.222309,
            "med": 52.700862
        },
        "http_req_receiving": {
            "min": 0.010036,
            "med": 0.036069,
            "max": 2.364527,
            "p(90)": 0.0542748,
            "p(95)": 0.061345799999999985,
            "avg": 0.039016409967248596
        },
        "http_req_connecting": {
            "max": 1086.965512,
            "p(90)": 0,
            "p(95)": 0,
            "avg": 2.310551536130871,
            "min": 0,
            "med": 0
        },
        "http_req_failed": {
            "fails": 61983,
            "passes": 0,
            "value": 0
        },
        "vus_max": {
            "value": 150,
            "min": 150,
            "max": 150
        },
        "http_req_blocked": {
            "avg": 2.3212109260765232,
            "min": 0.001719,
            "med": 0.004953,
            "max": 1087.011549,
            "p(90)": 0.010120800000000003,
            "p(95)": 0.0694218999999975
        },
        "http_req_duration": {
            "avg": 64.87221932413767,
            "min": 12.280213,
            "med": 52.763061,
            "max": 530.289266,
            "p(90)": 103.95243119999999,
            "p(95)": 125.2352644999998
        },
        "http_req_duration{expected_response:true}": {
            "min": 12.280213,
            "med": 52.763061,
            "max": 530.289266,
            "p(90)": 103.95243119999999,
            "p(95)": 125.2352644999998,
            "avg": 64.87221932413767
        },
        "http_req_tls_handshaking": {
            "p(90)": 0,
            "p(95)": 0,
            "avg": 0,
            "min": 0,
            "med": 0,
            "max": 0
        },
        "data_sent": {
            "count": 55851263,
            "rate": 911534.4394208367
        },
        "data_received": {
            "rate": 554832.8354195504,
            "count": 33995550
        },
        "iteration_duration": {
            "p(95)": 1562.6231336,
            "avg": 1322.380379020907,
            "min": 1170.828533,
            "med": 1290.329822,
            "max": 2551.256021,
            "p(90)": 1465.049927
        },
        "vus": {
            "value": 50,
            "min": 50,
            "max": 150
        },
        "http_reqs": {
            "rate": 1011.6089793461201,
            "count": 61983
        },
        "iterations": {
            "count": 6887,
            "rate": 112.40099770512445
        }
    },
    "root_group": {
        "groups": {},
        "checks": {},
        "name": "",
        "path": "",
        "id": "d41d8cd98f00b204e9800998ecf8427e"
    }
}