{
    "root_group": {
        "name": "",
        "path": "",
        "id": "d41d8cd98f00b204e9800998ecf8427e",
        "groups": {},
        "checks": {}
    },
    "metrics": {
        "iterations": {
            "count": 11461,
            "rate": 181.36047218178035
        },
        "http_req_tls_handshaking": {
            "p(95)": 0,
            "avg": 0,
            "min": 0,
            "med": 0,
            "max": 0,
            "p(90)": 0
        },
        "data_received": {
            "count": 56563532,
            "rate": 895069.2672357772
        },
        "iteration_duration": {
            "max": 48181.630911,
            "p(90)": 5154.400212,
            "p(95)": 9547.51525,
            "avg": 3766.013596531451,
            "min": 1230.453127,
            "med": 2171.860918
        },
        "http_req_duration": {
            "min": 10.201977,
            "med": 99.875688,
            "max": 38229.118692,
            "p(90)": 1204.1344451999998,
            "p(95)": 1662.0708221999998,
            "avg": 468.0062944464449
        },
        "http_req_sending": {
            "p(95)": 0.04878519999999994,
            "avg": 0.04631107069385075,
            "min": 0.005624,
            "med": 0.014815,
            "max": 31.862346,
            "p(90)": 0.038546399999999995
        },
        "data_sent": {
            "count": 92943471,
            "rate": 1470750.5267231138
        },
        "http_req_waiting": {
            "avg": 467.92032203239415,
            "min": 10.188794,
            "med": 99.812939,
            "max": 38229.021705,
            "p(90)": 1204.0855662,
            "p(95)": 1662.0125749999997
        },
        "vus": {
            "max": 700,
            "value": 47,
            "min": 47
        },
        "http_req_duration{expected_response:true}": {
            "med": 99.876163,
            "max": 38229.118692,
            "p(90)": 1204.3222276000013,
            "p(95)": 1662.1689016999965,
            "avg": 468.0395584510044,
            "min": 12.197068
        },
        "http_req_connecting": {
            "p(90)": 33.2519982,
            "p(95)": 82.31939659999999,
            "avg": 7.415999526413226,
            "min": 0,
            "med": 0,
            "max": 1102.438797
        },
        "http_req_failed": {
            "passes": 14,
            "fails": 103135,
            "value": 0.00013572598861840638
        },
        "http_req_receiving": {
            "max": 4.066629,
            "p(90)": 0.053427,
            "p(95)": 0.06075639999999997,
            "avg": 0.03966134335766665,
            "min": 0,
            "med": 0.034789
        },
        "http_req_blocked": {
            "min": 0.001663,
            "med": 0.005345,
            "max": 1102.528385,
            "p(90)": 33.42314019999996,
            "p(95)": 82.40087559999999,
            "avg": 7.447091767152416
        },
        "http_reqs": {
            "rate": 1632.2442496360231,
            "count": 103149
        },
        "vus_max": {
            "value": 700,
            "min": 700,
            "max": 700
        }
    }
}