{
    "root_group": {
        "name": "",
        "path": "",
        "id": "d41d8cd98f00b204e9800998ecf8427e",
        "groups": {},
        "checks": {}
    },
    "metrics": {
        "http_req_duration{expected_response:true}": {
            "max": 50516.28594,
            "p(90)": 1110.0308906000005,
            "p(95)": 1751.388708799999,
            "avg": 549.8883212168269,
            "min": 12.134993,
            "med": 100.861474
        },
        "http_req_connecting": {
            "p(95)": 83.32670279999999,
            "avg": 8.086555263449725,
            "min": 0,
            "med": 0,
            "max": 1130.987948,
            "p(90)": 33.9802612
        },
        "http_req_tls_handshaking": {
            "avg": 0,
            "min": 0,
            "med": 0,
            "max": 0,
            "p(90)": 0,
            "p(95)": 0
        },
        "http_req_waiting": {
            "p(95)": 1750.816965699998,
            "avg": 549.7752746094279,
            "min": 5.23776,
            "med": 100.7962575,
            "max": 50516.202545,
            "p(90)": 1109.9621531999999
        },
        "http_req_failed": {
            "fails": 101887,
            "passes": 11,
            "value": 0.0001079510883432452
        },
        "http_req_blocked": {
            "avg": 8.108316598362977,
            "min": 0.001564,
            "med": 0.005502,
            "max": 1131.0431,
            "p(90)": 34.0354053,
            "p(95)": 83.38556495
        },
        "vus": {
            "value": 68,
            "min": 68,
            "max": 800
        },
        "http_req_duration": {
            "avg": 549.8418912473536,
            "min": 5.251646,
            "med": 100.8566285,
            "max": 50516.28594,
            "p(90)": 1110.0098497000001,
            "p(95)": 1751.199435099998
        },
        "vus_max": {
            "value": 800,
            "min": 800,
            "max": 800
        },
        "http_req_receiving": {
            "max": 3.694792,
            "p(90)": 0.053858300000000005,
            "p(95)": 0.061098449999999985,
            "avg": 0.040142225755167335,
            "min": 0,
            "med": 0.035546
        },
        "data_received": {
            "count": 55882298,
            "rate": 866445.8052630927
        },
        "http_reqs": {
            "count": 101898,
            "rate": 1579.9116683551315
        },
        "data_sent": {
            "count": 91815594,
            "rate": 1423585.6277606764
        },
        "iteration_duration": {
            "avg": 4386.355089544784,
            "min": 1226.591469,
            "med": 2512.212506,
            "max": 58727.630205,
            "p(90)": 6105.339335299999,
            "p(95)": 13738.78268069991
        },
        "iterations": {
            "rate": 175.54574092834795,
            "count": 11322
        },
        "http_req_sending": {
            "p(90)": 0.0404716,
            "p(95)": 0.050516449999999984,
            "avg": 0.026474412167069465,
            "min": 0.005853,
            "med": 0.015256,
            "max": 9.36529
        }
    }
}