{
    "root_group": {
        "name": "",
        "path": "",
        "id": "d41d8cd98f00b204e9800998ecf8427e",
        "groups": {},
        "checks": {}
    },
    "metrics": {
        "http_req_receiving": {
            "med": 0.036263,
            "max": 30.706487,
            "p(90)": 0.05469580000000002,
            "p(95)": 0.06196745,
            "avg": 0.040790868788754334,
            "min": 0
        },
        "http_reqs": {
            "count": 95472,
            "rate": 1529.7173561588227
        },
        "iteration_duration": {
            "p(95)": 4930.38816635,
            "avg": 3181.37860336803,
            "min": 1226.320988,
            "med": 2260.6479125,
            "max": 42662.92243,
            "p(90)": 4578.249273600002
        },
        "data_sent": {
            "count": 86027699,
            "rate": 1378394.3383474422
        },
        "http_req_tls_handshaking": {
            "p(90)": 0,
            "p(95)": 0,
            "avg": 0,
            "min": 0,
            "med": 0,
            "max": 0
        },
        "http_req_sending": {
            "med": 0.014986,
            "max": 41.505593,
            "p(90)": 0.03762390000000001,
            "p(95)": 0.047947899999999995,
            "avg": 0.03601215777400702,
            "min": 0.005548
        },
        "http_req_duration": {
            "avg": 324.9915256945174,
            "min": 1.125867,
            "med": 96.2218995,
            "max": 39404.024636,
            "p(90)": 819.2248286000006,
            "p(95)": 1389.22927635
        },
        "http_req_duration{expected_response:true}": {
            "p(90)": 819.2484357,
            "p(95)": 1389.23110955,
            "avg": 325.0150751448396,
            "min": 12.246923,
            "med": 96.225907,
            "max": 39404.024636
        },
        "vus_max": {
            "value": 550,
            "min": 550,
            "max": 550
        },
        "iterations": {
            "rate": 169.96859512875807,
            "count": 10608
        },
        "data_received": {
            "count": 52355448,
            "rate": 838874.6176373253
        },
        "http_req_blocked": {
            "avg": 6.322449795353647,
            "min": 0.001749,
            "med": 0.005435,
            "max": 1113.432011,
            "p(90)": 8.418229700000003,
            "p(95)": 81.88584625
        },
        "http_req_failed": {
            "passes": 8,
            "fails": 95464,
            "value": 0.00008379420144126027
        },
        "vus": {
            "max": 550,
            "value": 172,
            "min": 172
        },
        "http_req_waiting": {
            "med": 96.15423150000001,
            "max": 39403.93152,
            "p(90)": 819.1560790000004,
            "p(95)": 1389.1689548,
            "avg": 324.9147226679576,
            "min": 1.111786
        },
        "http_req_connecting": {
            "min": 0,
            "med": 0,
            "max": 1113.37078,
            "p(90)": 8.332202900000027,
            "p(95)": 81.8270332,
            "avg": 6.3012794207097125
        }
    }
}