{
    "root_group": {
        "name": "",
        "path": "",
        "id": "d41d8cd98f00b204e9800998ecf8427e",
        "groups": {},
        "checks": {}
    },
    "metrics": {
        "iterations": {
            "count": 11063,
            "rate": 177.15966001285835
        },
        "http_req_receiving": {
            "med": 0.035911,
            "max": 15.629557,
            "p(90)": 0.054963,
            "p(95)": 0.06228859999999998,
            "avg": 0.041609510500467274,
            "min": 0
        },
        "data_sent": {
            "count": 89715912,
            "rate": 1436684.485913723
        },
        "http_req_duration": {
            "min": 1.384641,
            "med": 99.590795,
            "max": 34902.722907,
            "p(90)": 1162.1418812000002,
            "p(95)": 1658.9401335999994,
            "avg": 394.3402700189595
        },
        "http_req_duration{expected_response:true}": {
            "p(90)": 1162.1736998000003,
            "p(95)": 1658.9847909999999,
            "avg": 394.3596491845889,
            "min": 12.298137,
            "med": 99.589886,
            "max": 34902.722907
        },
        "http_req_waiting": {
            "min": 1.374678,
            "med": 99.533111,
            "max": 34902.651054,
            "p(90)": 1162.0927614,
            "p(95)": 1658.8825283999995,
            "avg": 394.26328170184286
        },
        "http_req_failed": {
            "fails": 99555,
            "passes": 12,
            "value": 0.00012052185965229444
        },
        "iteration_duration": {
            "max": 37847.212585,
            "p(90)": 5269.707196800002,
            "p(95)": 6802.6596414,
            "avg": 3331.2803353858008,
            "min": 1229.835171,
            "med": 2388.595007
        },
        "vus": {
            "min": 191,
            "max": 600,
            "value": 191
        },
        "http_req_tls_handshaking": {
            "p(95)": 0,
            "avg": 0,
            "min": 0,
            "med": 0,
            "max": 0,
            "p(90)": 0
        },
        "http_req_blocked": {
            "avg": 6.721329319744492,
            "min": 0.001689,
            "med": 0.00541,
            "max": 1157.086684,
            "p(90)": 10.257169000000335,
            "p(95)": 81.95439099999999
        },
        "http_req_sending": {
            "avg": 0.0353788066226764,
            "min": 0.005528,
            "med": 0.014983,
            "max": 69.893085,
            "p(90)": 0.03840420000000003,
            "p(95)": 0.0492984
        },
        "data_received": {
            "count": 54597162,
            "rate": 874303.0513953674
        },
        "http_req_connecting": {
            "max": 1157.028238,
            "p(90)": 9.924906400000106,
            "p(95)": 81.8948686,
            "avg": 6.699678509425813,
            "min": 0,
            "med": 0
        },
        "http_reqs": {
            "count": 99567,
            "rate": 1594.436940115725
        },
        "vus_max": {
            "max": 600,
            "value": 600,
            "min": 600
        }
    }
}