{
    "root_group": {
        "name": "",
        "path": "",
        "id": "d41d8cd98f00b204e9800998ecf8427e",
        "groups": {},
        "checks": {}
    },
    "metrics": {
        "vus_max": {
            "min": 850,
            "max": 850,
            "value": 850
        },
        "data_received": {
            "count": 57111702,
            "rate": 897468.1323209915
        },
        "http_req_sending": {
            "avg": 0.056234477701930755,
            "min": 0.005447,
            "med": 0.015631,
            "max": 62.752809,
            "p(90)": 0.042223,
            "p(95)": 0.0529212
        },
        "http_req_failed": {
            "passes": 18,
            "fails": 104139,
            "value": 0.00017281603732826408
        },
        "http_req_receiving": {
            "p(95)": 0.061595799999999985,
            "avg": 0.043918549862227624,
            "min": 0,
            "med": 0.035989,
            "max": 33.073222,
            "p(90)": 0.054197400000000014
        },
        "http_reqs": {
            "count": 104157,
            "rate": 1636.7501752645633
        },
        "http_req_duration{expected_response:true}": {
            "min": 12.069467,
            "med": 101.928032,
            "max": 34103.27555,
            "p(90)": 1294.7748958,
            "p(95)": 2000.8318181999998,
            "avg": 571.8676822103556
        },
        "http_req_blocked": {
            "max": 1117.680545,
            "p(90)": 34.1911686,
            "p(95)": 83.54593299999999,
            "avg": 8.635408981575788,
            "min": 0.001626,
            "med": 0.005628
        },
        "iterations": {
            "count": 11573,
            "rate": 181.86113058495147
        },
        "data_sent": {
            "count": 93851651,
            "rate": 1474809.2420396002
        },
        "http_req_connecting": {
            "avg": 8.61137652556239,
            "min": 0,
            "med": 0,
            "max": 1117.636088,
            "p(90)": 34.11858540000001,
            "p(95)": 83.48893799999999
        },
        "iteration_duration": {
            "avg": 4559.638255990488,
            "min": 1226.029981,
            "med": 2544.223358,
            "max": 49840.169919,
            "p(90)": 7064.340850800004,
            "p(95)": 15925.790748599993
        },
        "http_req_tls_handshaking": {
            "min": 0,
            "med": 0,
            "max": 0,
            "p(90)": 0,
            "p(95)": 0,
            "avg": 0
        },
        "http_req_waiting": {
            "avg": 571.7459562505129,
            "min": 7.073942,
            "med": 101.858126,
            "max": 34103.215152,
            "p(90)": 1294.5467836000023,
            "p(95)": 2000.73014
        },
        "http_req_duration": {
            "avg": 571.8461092780727,
            "min": 7.087488,
            "med": 101.935149,
            "max": 34103.27555,
            "p(90)": 1294.6119866000022,
            "p(95)": 2000.8284938
        },
        "vus": {
            "min": 287,
            "max": 850,
            "value": 287
        }
    }
}