{
    "metrics": {
        "http_reqs": {
            "count": 17199,
            "rate": 280.35971647331775
        },
        "http_req_connecting": {
            "avg": 2.201853688702831,
            "min": 0,
            "med": 0,
            "max": 93.178593,
            "p(90)": 0,
            "p(95)": 0
        },
        "http_req_receiving": {
            "avg": 0.04391810535496238,
            "min": 0.010178,
            "med": 0.041578,
            "max": 1.067065,
            "p(90)": 0.060276800000000005,
            "p(95)": 0.06742549999999997
        },
        "data_received": {
            "count": 9430638,
            "rate": 153728.18162930963
        },
        "http_req_duration": {
            "max": 424.556639,
            "p(90)": 93.685149,
            "p(95)": 97.00303459999996,
            "avg": 52.017875949299395,
            "min": 12.38339,
            "med": 42.66358
        },
        "vus_max": {
            "min": 40,
            "max": 40,
            "value": 40
        },
        "http_req_waiting": {
            "avg": 51.95490885952681,
            "min": 12.292533,
            "med": 42.602783,
            "max": 424.450356,
            "p(90)": 93.6177758,
            "p(95)": 96.92519619999995
        },
        "iteration_duration": {
            "avg": 1270.918785996861,
            "min": 1170.237742,
            "med": 1276.722327,
            "max": 1616.133892,
            "p(90)": 1309.528242,
            "p(95)": 1448.9644815000001
        },
        "data_sent": {
            "count": 15497463,
            "rate": 252623.07882642784
        },
        "iterations": {
            "count": 1911,
            "rate": 31.151079608146414
        },
        "http_req_blocked": {
            "max": 93.227818,
            "p(90)": 0.009933600000000002,
            "p(95)": 0.06032099999999955,
            "avg": 2.212338643700193,
            "min": 0.001763,
            "med": 0.005148
        },
        "vus": {
            "max": 40,
            "value": 12,
            "min": 12
        },
        "http_req_duration{expected_response:true}": {
            "p(90)": 93.685149,
            "p(95)": 97.00303459999996,
            "avg": 52.017875949299395,
            "min": 12.38339,
            "med": 42.66358,
            "max": 424.556639
        },
        "http_req_tls_handshaking": {
            "min": 0,
            "med": 0,
            "max": 0,
            "p(90)": 0,
            "p(95)": 0,
            "avg": 0
        },
        "http_req_failed": {
            "fails": 17199,
            "passes": 0,
            "value": 0
        },
        "http_req_sending": {
            "avg": 0.01904898441769879,
            "min": 0.0054,
            "med": 0.01505,
            "max": 0.928539,
            "p(90)": 0.029905200000000014,
            "p(95)": 0.04105959999999999
        }
    },
    "root_group": {
        "groups": {},
        "checks": {},
        "name": "",
        "path": "",
        "id": "d41d8cd98f00b204e9800998ecf8427e"
    }
}