{
    "root_group": {
        "id": "d41d8cd98f00b204e9800998ecf8427e",
        "groups": {},
        "checks": {},
        "name": "",
        "path": ""
    },
    "metrics": {
        "vus": {
            "value": 130,
            "min": 130,
            "max": 300
        },
        "http_req_connecting": {
            "avg": 3.122200451600861,
            "min": 0,
            "med": 0,
            "max": 98.915138,
            "p(90)": 0,
            "p(95)": 8.32288674999999
        },
        "http_reqs": {
            "rate": 1528.3888872256305,
            "count": 93762
        },
        "http_req_sending": {
            "min": 0.005513,
            "med": 0.014103,
            "max": 3.17038,
            "p(90)": 0.029624800000000017,
            "p(95)": 0.042073699999999985,
            "avg": 0.021162244352722875
        },
        "http_req_blocked": {
            "avg": 3.1328044947206646,
            "min": 0.001535,
            "med": 0.005063,
            "max": 99.037764,
            "p(90)": 0.016757,
            "p(95)": 8.3945196
        },
        "http_req_waiting": {
            "max": 2900.459316,
            "p(90)": 326.27654470000107,
            "p(95)": 500.5058374999996,
            "avg": 137.13570361826737,
            "min": 3.81825,
            "med": 91.53747
        },
        "vus_max": {
            "value": 300,
            "min": 300,
            "max": 300
        },
        "data_received": {
            "count": 51412602,
            "rate": 838062.8565960007
        },
        "iteration_duration": {
            "avg": 1750.1199581893081,
            "min": 1178.754147,
            "med": 1521.8451949999999,
            "max": 5214.498014,
            "p(90)": 2544.4054584,
            "p(95)": 2795.2630875
        },
        "http_req_receiving": {
            "min": 0,
            "med": 0.0348225,
            "max": 15.776415,
            "p(90)": 0.053263800000000014,
            "p(95)": 0.06076495,
            "avg": 0.03990544104221311
        },
        "http_req_failed": {
            "passes": 3,
            "fails": 93759,
            "value": 0.0000319959045242209
        },
        "data_sent": {
            "count": 84484131,
            "rate": 1377152.8654179133
        },
        "http_req_duration": {
            "max": 2900.52283,
            "p(90)": 326.411192,
            "p(95)": 500.5752398999995,
            "avg": 137.19677130366415,
            "min": 3.836502,
            "med": 91.59632500000001
        },
        "http_req_duration{expected_response:true}": {
            "avg": 137.20053003065473,
            "min": 12.260521,
            "med": 91.596733,
            "max": 2900.52283,
            "p(90)": 326.4127986,
            "p(95)": 500.5978511999988
        },
        "http_req_tls_handshaking": {
            "avg": 0,
            "min": 0,
            "med": 0,
            "max": 0,
            "p(90)": 0,
            "p(95)": 0
        },
        "iterations": {
            "rate": 169.8209874695145,
            "count": 10418
        }
    }
}