{
    "root_group": {
        "id": "d41d8cd98f00b204e9800998ecf8427e",
        "groups": {},
        "checks": {},
        "name": "",
        "path": ""
    },
    "metrics": {
        "http_req_blocked": {
            "avg": 2.3958139319241996,
            "min": 0.001704,
            "med": 0.005092,
            "max": 1142.465903,
            "p(90)": 0.010398400000000009,
            "p(95)": 0.06393799999999994
        },
        "http_req_receiving": {
            "p(90)": 0.0565929,
            "p(95)": 0.06352245,
            "avg": 0.040578495858326076,
            "min": 0,
            "med": 0.038635,
            "max": 1.710565
        },
        "http_req_tls_handshaking": {
            "max": 0,
            "p(90)": 0,
            "p(95)": 0,
            "avg": 0,
            "min": 0,
            "med": 0
        },
        "http_req_duration": {
            "p(95)": 105.0897285499999,
            "avg": 58.37091333345264,
            "min": 11.905482,
            "med": 45.650481,
            "max": 587.05909,
            "p(90)": 97.0820355
        },
        "data_sent": {
            "count": 37854828,
            "rate": 617891.7162314986
        },
        "http_reqs": {
            "count": 42012,
            "rate": 685.7478465446394
        },
        "http_req_duration{expected_response:true}": {
            "p(95)": 105.0912605,
            "avg": 58.37201936357173,
            "min": 12.246568,
            "med": 45.652034,
            "max": 587.05909,
            "p(90)": 97.0821
        },
        "data_received": {
            "count": 23031064,
            "rate": 375928.36669598613
        },
        "http_req_connecting": {
            "p(95)": 0,
            "avg": 2.3850008054603467,
            "min": 0,
            "med": 0,
            "max": 1142.417845,
            "p(90)": 0
        },
        "http_req_waiting": {
            "avg": 58.310773714129084,
            "min": 11.88944,
            "med": 45.5958595,
            "max": 587.008445,
            "p(90)": 97.0299328,
            "p(95)": 105.02087875
        },
        "http_req_sending": {
            "max": 4.248955,
            "p(90)": 0.028351500000000005,
            "p(95)": 0.03876194999999997,
            "avg": 0.019561123464724335,
            "min": 0.005288,
            "med": 0.014680499999999999
        },
        "http_req_failed": {
            "passes": 1,
            "fails": 42011,
            "value": 0.000023802723031514804
        },
        "vus": {
            "min": 16,
            "max": 100,
            "value": 16
        },
        "vus_max": {
            "value": 100,
            "min": 100,
            "max": 100
        },
        "iteration_duration": {
            "min": 1169.523266,
            "med": 1282.3852969999998,
            "max": 2503.184576,
            "p(90)": 1380.9461375,
            "p(95)": 1483.7077986,
            "avg": 1297.2979138191963
        },
        "iterations": {
            "rate": 76.1942051716266,
            "count": 4668
        }
    }
}