{
    "root_group": {
        "id": "d41d8cd98f00b204e9800998ecf8427e",
        "groups": {},
        "checks": {},
        "name": "",
        "path": ""
    },
    "metrics": {
        "data_sent": {
            "count": 70439671,
            "rate": 1149812.5816905631
        },
        "data_received": {
            "count": 42869486,
            "rate": 699774.3412715181
        },
        "http_req_tls_handshaking": {
            "p(90)": 0,
            "p(95)": 0,
            "avg": 0,
            "min": 0,
            "med": 0,
            "max": 0
        },
        "http_req_receiving": {
            "med": 0.0352285,
            "max": 3.546225,
            "p(90)": 0.053040699999999996,
            "p(95)": 0.06021834999999999,
            "avg": 0.03861476293908448,
            "min": 0
        },
        "http_req_sending": {
            "p(90)": 0.027259699999999998,
            "p(95)": 0.03794389999999988,
            "avg": 0.023846894683654214,
            "min": 0.004909,
            "med": 0.014236,
            "max": 30.618571
        },
        "http_req_waiting": {
            "p(95)": 172.0406212999998,
            "avg": 76.6301211816468,
            "min": 12.163346,
            "med": 63.364374,
            "max": 1258.040299,
            "p(90)": 117.3392251
        },
        "iteration_duration": {
            "min": 1168.681205,
            "med": 1306.7586099999999,
            "max": 3056.608739,
            "p(90)": 1648.831062,
            "p(95)": 1853.62915675,
            "avg": 1394.446101957865
        },
        "iterations": {
            "count": 8686,
            "rate": 141.78476336955396
        },
        "http_req_duration{expected_response:true}": {
            "p(95)": 172.10052359999978,
            "avg": 76.69325747696799,
            "min": 12.208371,
            "med": 63.431435,
            "max": 1258.110793,
            "p(90)": 117.4095274
        },
        "http_req_failed": {
            "passes": 1,
            "fails": 78173,
            "value": 0.000012791976872105815
        },
        "http_reqs": {
            "rate": 1276.0628703259856,
            "count": 78174
        },
        "http_req_connecting": {
            "max": 1122.934691,
            "p(90)": 0,
            "p(95)": 7.9123481,
            "avg": 2.4996055149794074,
            "min": 0,
            "med": 0
        },
        "vus": {
            "min": 28,
            "max": 200,
            "value": 28
        },
        "http_req_blocked": {
            "avg": 2.510886808222692,
            "min": 0.001512,
            "med": 0.005031,
            "max": 1122.983226,
            "p(90)": 0.011406,
            "p(95)": 7.963878099999995
        },
        "http_req_duration": {
            "max": 1258.110793,
            "p(90)": 117.40925109999999,
            "p(95)": 172.0986268999997,
            "avg": 76.69258283926905,
            "min": 12.208371,
            "med": 63.430409499999996
        },
        "vus_max": {
            "value": 200,
            "min": 200,
            "max": 200
        }
    }
}